R0,vaccine_failure,coverage,assortativity,SU,SV,IU,IV,RU,RV,fV,incidence_U,incidence_V
15,0.03,0,0,666666.666417052,0,3195.25277242559,0,9330138.08081052,0,0,1166.66666853189,0
15,0.03,0,0.3,666666.666391737,0,3195.25276718292,0,9330138.08084108,0,0,1166.66666661766,0
15,0.03,0,0.6,666666.666392434,0,3195.25276867434,0,9330138.08083889,0,0,1166.66666716222,0
15,0.03,0,0.9,666666.666394365,0,3195.2527701129,0,9330138.08083552,0,0,1166.66666768747,0
15,0.03,0,0.98,666666.666417117,0,3195.25277244049,0,9330138.08081044,0,0,1166.66666853734,0
15,0.03,0.01,0,666464.707909678,201.959002396872,3161.08705223969,0.95790516734536,9230374.20503808,99797.0830924358,0.000302938503483793,1154.19190994902,0.349755124226974
15,0.03,0.01,0.3,664515.843313797,277.196602658754,3161.75425120642,0.932147689476254,9232322.402435,99721.8712496518,0.000294732885878811,1154.43552097175,0.340350425120017
15,0.03,0.01,0.6,662577.677181283,442.86128671947,3162.4177800036,0.875432631772845,9234259.90503871,99556.2632806488,0.000276747229209117,1154.67779192381,0.31964233967606
15,0.03,0.01,0.9,660647.462056199,1137.38225284357,3163.07858635568,0.637664412817569,9236189.45935745,98861.9800827436,0.000201555500643484,1154.91906884312,0.232827218730015
15,0.03,0.01,0.98,660130.804694708,2136.51805341241,3163.25545899482,0.29561175845642,9236705.9398463,97863.1863348291,9.34430176232404e-05,1154.98364946548,0.1079352433064
15,0.03,0.02,0,666258.75340702,407.913522494094,3126.92271517902,1.91444247868103,9130614.3238778,199590.172035027,0.000611870283499898,1141.71765637974,0.699010810028411
15,0.03,0.02,0.3,662335.509834048,559.562122729321,3128.2658239289,1.86252580131947,9134536.22434202,199438.575351469,0.000595031766502482,1142.20805896204,0.680054733206771
15,0.03,0.02,0.6,658456.79391884,893.14976987637,3129.59368888534,1.74832256302949,9138413.61239227,199105.101907561,0.000558330120643966,1142.69289565426,0.638356275826141
15,0.03,0.02,0.9,654616.524024372,2287.49320966124,3130.90842312207,1.27097117502137,9142252.56755251,197711.235819164,0.000405778537888182,1143.17293799245,0.464063350279676
15,0.03,0.02,0.98,653592.366806918,4283.96256959984,3131.25903215157,0.587482858860169,9143276.37416093,195715.449947541,0.000187583540906126,1143.30095411434,0.214504678841319
15,0.03,0.03,0,666048.683107199,617.983314223175,3092.75978263484,2.86957093234161,9030858.55711016,299379.147114844,0.000926974971675765,1129.24391563455,1.04775208667123
15,0.03,0.03,0.3,660125.053554537,847.240592727206,3094.78772684441,2.79108504332065,9036780.15871862,299149.968322229,0.000901053762573906,1129.98436876406,1.01909492644245
15,0.03,0.03,0.6,654303.640605963,1351.05200521044,3096.78069765312,2.61860597206084,9042599.57869639,298646.329388817,0.000844875317935967,1130.7120522306,0.956118505548714
15,0.03,0.03,0.9,648573.816709243,3450.56159943117,3098.74227598416,1.89984197350276,9048327.44101477,296547.538558595,0.000612725332762413,1131.42827351872,0.693679800575195
15,0.03,0.03,0.98,647051.351175911,6442.443627725,3099.26348784728,0.875575615206979,9049849.38533624,293556.68079666,0.000282431077214021,1131.61858100024,0.319694546502448
15,0.03,0.04,0,665834.373461992,832.29296682749,3058.59829689635,3.82324787112044,8931107.02824111,399163.883785301,0.00124843945068664,1116.77070315428,1.39596337894285
15,0.03,0.04,0.3,657883.848794246,1140.38140034972,3061.32014280641,3.71777424900862,8939054.83106295,398855.900825401,0.00121296191095094,1117.76451714219,1.35745232266927
15,0.03,0.04,0.6,650117.837039856,1816.76085718011,3063.97882717461,3.48621675284329,8946818.18413297,398179.752926067,0.00113651393020593,1118.73526927213,1.27290489188191
15,0.03,0.04,0.9,642519.305107825,4626.82205444418,3066.58016881503,2.52419648279677,8954414.11472336,395370.653749073,0.00082245377880847,1119.68508413859,0.92164724078117
15,0.03,0.04,0.98,640507.755956549,8612.07314604681,3067.2688270915,1.15985171312973,8956424.97521636,391386.76700224,0.000377995330685535,1119.93653049178,0.423490856756494
15,0.03,0.05,0,665615.694289214,1050.97214887771,3024.43830320329,4.77542889979467,8831359.86740758,498944.252422223,0.00157645822385707,1104.2980354571,1.74362847703753
15,0.03,0.05,0.3,655611.248270662,1439.13953188954,3027.86331043057,4.6425403751735,8841360.88841891,498556.217927735,0.00153092544699954,1105.54859122096,1.69510755448522
15,0.03,0.05,0.6,645898.996535214,2290.47576916982,3031.18830602489,4.35108671285683,8851069.81515876,497705.173144117,0.00143338173217795,1106.76263023734,1.58869053603185
15,0.03,0.05,0.9,636452.952445036,5816.51530991951,3034.42213731596,3.14395231277321,8860512.62541765,494180.340737768,0.00103502350895597,1107.94338288749,1.14793558820132
15,0.03,0.05,0.98,633961.579295734,10792.964926667,3035.27505012255,1.44027219195139,8863003.14565414,489205.594801141,0.000474286206997386,1108.254802676,0.525879384086252
15,0.03,0.06,0,665392.511050963,1274.15587222525,2990.2798574952,5.72606781222485,8731617.20909154,598720.118059962,0.00191123380760246,1091.82593296794,2.0907305099386
15,0.03,0.06,0.3,653306.590442689,1743.67584408882,2994.41745995672,5.5653283591757,8743698.99209735,598250.758827552,0.00185512009630559,1093.3366750667,2.03204051714403
15,0.03,0.06,0.6,641646.726243915,2772.40304843511,2998.4091968614,5.21314513205019,8755354.86455922,597222.383806433,0.00173561937503445,1094.79415800402,1.90344961633983
15,0.03,0.06,0.9,630374.723968352,7019.88842436103,3002.26815230197,3.75902484414459,8766623.00787934,592976.352550795,0.0012504959611554,1096.20315910926,1.37251394621829
15,0.03,0.06,0.98,627412.819345052,12985.2347013822,3003.2821571157,1.7167974316945,8769583.89849783,587013.048501186,0.000571313819958743,1096.57339761687,0.626845662247455
15,0.03,0.07,0,665164.681636278,1501.98476498514,2956.12302039807,6.67511649767305,8631879.19534332,698491.340118517,0.00225297714837464,1079.35441782284,2.43725191121287
15,0.03,0.07,0.3,650969.19107736,2054.15733190506,2960.98282059493,6.48608103125924,8646069.82610204,697939.356587064,0.00218572839220146,1081.12885236972,2.36823033653853
15,0.03,0.07,0.6,637360.625404003,3262.75616288456,2965.64169656828,6.07231902924407,8659673.73289943,696731.171518086,0.00204337261168891,1082.82992445949,2.21715548555274
15,0.03,0.07,0.9,624284.582546048,8237.19499183886,2970.11824270111,4.36932727426222,8672745.29921125,691758.435680887,0.00146893445390945,1084.46442336624,1.59535062101499
15,0.03,0.07,0.98,620861.474241879,15189.000179394,2971.29014912916,1.98938713507929,8676167.23560899,684809.010433471,0.000669088496663466,1084.89231570079,0.726374977695826
15,0.03,0.08,0,664932.061524269,1734.6053778894,2921.96779200088,7.62252467478489,8532145.97068373,798257.772097436,0.002601908065915,1066.88349005432,2.78317432188083
15,0.03,0.08,0.3,648598.350400515,2370.75743630219,2927.5596128692,7.40473896253811,8548474.08998662,797621.837824735,0.00252294000024796,1068.92520364886,2.70365531369673
15,0.03,0.08,0.6,633040.290245634,3761.75606635098,2932.88590065493,6.92853267457011,8564026.82385371,796231.315400974,0.00235679252269102,1070.86996447663,2.52978049280241
15,0.03,0.08,0.9,618182.492304278,9468.69537477287,2937.97244958055,4.97477050784701,8578879.53524614,790526.329854719,0.00169040425662054,1072.7271906531,1.81641308167764
15,0.03,0.08,0.98,614307.542119958,17404.3810960961,2939.29902703592,2.25800030904719,8582753.15885301,782593.360903595,0.000767620783162328,1073.21155724649,0.824452362840855
15,0.03,0.09,0,664694.496453881,1972.17048398404,2887.81428031309,8.56824017235751,8432417.68926581,898019.261275844,0.00295825572477265,1054.41318909932,3.12847869293204
15,0.03,0.09,0.3,646193.344473175,2693.65633967602,2894.14812221119,8.32124056506146,8450912.50740461,897298.022419759,0.00286695207597371,1056.72583312236,3.03829296131807
15,0.03,0.09,0.6,628685.306635999,4269.63151774933,2900.14195286281,7.78170775443231,8468414.55141114,895722.586774496,0.00267603577763129,1058.91433053903,2.8412960438371
15,0.03,0.09,0.9,612068.41736511,10714.656967832,2905.83073554257,5.57526293105007,8485025.75189935,889279.767769237,0.00191497267436182,1060.99144731498,2.03566787769966
15,0.03,0.09,0.98,607751.021106109,19631.4992656367,2907.30879091602,2.52259525332757,8489341.67010297,880365.97813911,0.00086692145301534,1061.53112228321,0.921062591871229
15,0.03,0.1,0,664451.827506377,2214.83942502126,2853.66249773626,9.51220832578754,8332694.50999589,997775.648366653,0.00332225913621262,1041.94351948595,3.47314506495317
15,0.03,0.1,0.3,643753.432379359,3023.04131414343,2860.74857627606,9.23552165681053,8353385.81904436,996967.7231642,0.00321796962689184,1044.5308239128,3.37211984494295
15,0.03,0.1,0.6,624295.256800448,4786.61944682415,2867.41004993147,8.63176329537182,8372837.33314962,995204.748789881,0.00300126488275468,1046.96309448123,3.15167257322263
15,0.03,0.1,0.9,605942.320216703,11975.3544134052,2873.69314413765,6.17071056837339,8391183.98663916,988018.474876027,0.00214270912782552,1049.25720925326,2.25308069627733
15,0.03,0.1,0.98,601191.909327765,21870.4786249312,2875.3194421442,2.78312953628736,8395932.77123009,978126.738245533,0.000967001511229087,1049.8510113129,1.01619017193692
15,0.03,0.11,0,664203.88795915,2462.77846097213,2819.51253495718,10.4543723206277,8232976.59950589,1097526.76716671,0.00369416769282436,1029.47451432624,3.8171526935692
15,0.03,0.11,0.3,641277.847732489,3359.10704992805,2827.36123801267,10.147515590246,8255894.7910295,1096630.74543448,0.00357620591561567,1032.34027202938,3.70511162988857
15,0.03,0.11,0.6,619869.713811565,5312.9653116002,2834.69028024864,9.47861512140468,8277295.59590818,1094677.55607328,0.00333264847134595,1035.01628857578,3.46087934620288
15,0.03,0.11,0.9,599804.164231097,13251.0699013771,2841.55967486954,6.76101678998544,8297354.27609403,1086742.16908183,0.00237368524189819,1037.52447628674,2.46861625544344
15,0.03,0.11,0.98,594630.20489661,24121.4453042638,2843.33098080982,3.03955997792168,8302526.46412258,1075875.51513576,0.00106787220228905,1038.17122436819,1.10981933693865
15,0.03,0.12,0,663950.50575624,2716.16115991189,2785.36442196536,11.3946726353128,8133264.1298218,1197272.44416745,0.00407424173834314,1017.0061845701,4.16047984596859
15,0.03,0.12,0.3,638765.805200827,3702.05604741492,2793.98636078327,11.0571529650928,8158440.20843839,1196286.88679962,0.0039418828659514,1020.15426998099,4.03724297637949
15,0.03,0.12,0.6,615408.24592348,5848.92350220206,2801.98279972442,10.3221761450079,8181789.7712768,1194140.75432165,0.00367036158367455,1023.07396974938,3.76888456494602
15,0.03,0.12,0.9,593653.912556903,14542.0934235037,2809.43036176484,7.3460823619431,8203536.65708133,1185450.56049413,0.00260797493434749,1025.79326083939,2.68223832240447
15,0.03,0.12,0.98,588065.905922355,26384.5276667227,2811.34340779407,3.29184263359013,8209122.75066985,1173612.18049064,0.00116954501763238,1026.49176177081,1.2019340415896
15,0.03,0.13,0,663691.497664805,2975.16878263533,2751.21825348918,12.3330473432273,8033557.28408171,1297012.49817002,0.00446275317542053,1004.53856480524,4.50310391119588
15,0.03,0.13,0.3,636216.492779392,4052.09898604114,2760.6242765575,11.964361875477,8061022.88294405,1295935.93665208,0.00431523151672405,1007.97293897806,4.36848762978355
15,0.03,0.13,0.6,610910.412927861,6394.75774346134,2769.28776004614,11.1623560765031,8086320.29931209,1293594.07990046,0.00401458598799431,1011.13619338685,4.07565526243319
15,0.03,0.13,0.9,587491.528215225,15848.723084743,2777.30519405314,7.92580517692882,8109731.16659072,1284143.35111008,0.00284565451810631,1014.06355897865,2.89390961522614
15,0.03,0.13,0.98,581499.010511644,28659.8563743067,2779.35672369221,3.53993277274104,8115721.63276466,1271336.60369292,0.00127203170283647,1014.81262373812,1.29251795364707
15,0.03,0.14,0,663426.676096532,3239.99074372725,2717.07406786965,13.2694314942471,7933856.2498356,1396746.73982478,0.00485998611432539,992.071669030906,4.84500117433698
15,0.03,0.14,0.3,633629.077248421,4409.4551636527,2727.27522749007,12.8690670729966,7963643.64752409,1395577.67576927,0.0046964924798052,995.79636743731,4.69881811502787
15,0.03,0.14,0.6,606375.767735615,6950.74153675414,2736.60534720199,11.999061416267,7990887.62691718,1393037.25940183,0.00436551050367376,999.203027397126,4.38115729961448
15,0.03,0.14,0.9,581316.97365312,17171.2653884484,2745.18419357741,8.50008032388808,8015937.8421533,1382820.23453123,0.00308680279887191,1002.33537867995,3.10359182825964
15,0.03,0.14,0.98,574929.51676229,30947.5644459122,2747.37092881384,3.78378485193699,8022323.1123089,1369048.65176924,0.00137534426295324,1003.13381038315,1.38155444406349
15,0.03,0.15,0,663155.841443488,3510.82504293611,2682.93191803619,14.2037572131328,7834161.22663847,1496474.97119985,0.00526623756582797,979.605516572963,5.1861468524451
15,0.03,0.15,0.3,631002.698570508,4774.35291991379,2693.93950892534,13.7711903822603,7866303.36192057,1495211.8758897,0.00508591644808355,983.624663196363,5.0282058883228
15,0.03,0.15,0.6,601803.8547397,7517.15861497685,2703.93568129219,12.8321948981456,7895492.20957901,1492470.00919013,0.00472333135657504,987.274515631813,4.68535516218541
15,0.03,0.15,0.9,575130.211333727,18510.0355699943,2713.06736796509,9.06879986861894,7922156.72129831,1481480.89563014,0.003331501184908,990.608722728255,3.31124555202949
15,0.03,0.15,0.98,568357.422763176,33247.7873194274,2715.38602437225,4.02335250904201,7928927.19121245,1466748.18932806,0.00147949497535973,991.455322148917,1.46902658486396
15,0.03,0.16,0,662878.788054996,3787.87878888569,2648.79191452789,15.1359537973022,7734472.42003047,1596196.98525732,0.00568181818181818,967.140147791997,5.52651513023998
15,0.03,0.16,0.3,628336.471130562,5147.03011393233,2660.61742938464,14.6706503916708,7769002.91144005,1594838.29923568,0.00548376472147909,971.457938904065,5.35662122425882
15,0.03,0.16,0.6,597194.213010339,8094.30344605707,2671.27894803178,13.6616558252843,7800134.50804163,1591892.03489812,0.00508825253179105,975.350725900103,4.98821208320693
15,0.03,0.16,0.9,568931.203680068,19865.3579145739,2680.95474115436,9.63185282005358,7828387.84157878,1580125.01023261,0.00357983379595519,978.883599863987,3.51683026092206
15,0.03,0.16,0.98,561782.726594564,35560.6629158731,2683.40201081498,4.25858852485975,7835533.87139462,1564435.0784956,0.00158449639285026,979.777159198821,1.55491713513942
15,0.03,0.17,0,662595.298206184,4071.36869982113,2614.6541276049,16.0659470491385,7634790.04766621,1695912.56535313,0.00610705304753922,954.67558834174,5.86607891631671
15,0.03,0.17,0.3,625629.482340932,5527.73462117123,2627.30933229603,15.5673624203583,7671743.20832677,1694456.69801641,0.0058903097717273,959.296319954589,5.68403320373333
15,0.03,0.17,0.6,592546.372624251,8682.48173450243,2638.63527298663,14.4873393641213,7704814.99210276,1691303.03092613,0.00546048618208603,963.431704049245,5.28968978532479
15,0.03,0.17,0.9,562719.912352839,21237.5661358404,2648.84631188467,10.1891248966378,7734631.24133528,1678752.24473926,0.00383188759190491,967.160009626892,3.72030422788486
15,0.03,0.17,0.98,555205.426339554,37886.3317052519,2651.41888860807,4.48944481210348,7742143.15477184,1662109.17884994,0.0016903613560797,968.09932170302,1.63920853701929
15,0.03,0.18,0,662305.144957761,4361.52168630721,2580.51859240692,16.9936590231675,7535114.33644983,1795621.48465467,0.00654228252968258,942.211851052576,6.20480975083404
15,0.03,0.18,0.3,622880.791383445,5916.72486182318,2594.01546233646,16.461237542911,7574525.19315422,1794066.81390063,0.00630583584357281,947.139895685601,6.01040935785538
15,0.03,0.18,0.6,587859.854508577,9282.01096652619,2606.00484556304,15.3091369714427,7609534.14064586,1790702.6798965,0.00584025304616148,951.517519236207,5.58974863669802
15,0.03,0.18,0.9,556496.299362848,22627.0037064216,2616.74210788999,10.7404985539892,7640886.95852926,1777362.25579502,0.00408775248507748,955.437962143333,3.92162453452532
15,0.03,0.18,0.98,548625.520069474,40224.9367753334,2619.4366587091,4.71587238114185,7648755.04327182,1759770.34735229,0.00179710299811824,956.421810011162,1.72188290316442
15,0.03,0.19,0,662008.091455061,4658.57545838746,2546.38545064951,17.9190087267928,7435445.52309429,1895323.50553289,0.00698786318499448,929.748987668401,6.54267806137023
15,0.03,0.19,0.3,620089.428312876,6314.27036613401,2560.73623947979,17.3521840185627,7477349.83544764,1893668.37744985,0.00673063959343044,934.988819440059,6.3357161897777
15,0.03,0.19,0.6,583134.174409943,9893.22101357037,2573.38783496866,16.1269357183511,7514292.43775509,1890090.65205071,0.00622778286530975,939.608233242932,5.88834740416293
15,0.03,0.19,0.9,550260.326196267,24034.0242830982,2584.64213469487,11.2858526980744,7547155.03166904,1875954.6898642,0.00434752148475759,943.717459430464,4.1207469663844
15,0.03,0.19,0.98,542043.005844382,42576.6239026797,2587.45532151659,4.93782132763637,7555369.5388341,1857418.43827599,0.00190473475879467,944.744624268745,1.80292201225323
15,0.03,0.2,0,661703.887349765,4962.77915512324,2512.25473261389,18.8419104946041,7335783.85791762,1995018.37893438,0.00744416873449132,917.287009245645,6.87965256934234
15,0.03,0.2,0.3,617254.39280943,6720.65237337786,2527.47196485452,18.2401053183108,7380218.13522572,1993261.1075213,0.00716503077155636,922.843201167506,6.65991845434822
15,0.03,0.2,0.6,578368.837111817,10516.4547156145,2540.78436140763,16.9406179368219,7419090.37852678,1989466.60466645,0.00662331488867258,927.703889958962,6.1854431241821
15,0.03,0.2,0.9,544011.955032948,25458.9920878504,2552.54640815097,11.8250626340564,7453435.4985589,1974529.18284952,0.00461129082458419,931.998507276122,4.31762599425986
15,0.03,0.2,0.98,535457.881720977,44941.5416271595,2555.47487781029,5.15524079789374,7461986.64340121,1955053.30313204,0.00201327039013969,933.067764760484,1.88230729633095
15,0.03,0.21,0,661392.272465341,5274.39407155905,2478.12656241142,19.7622751179645,7236129.60097225,2094705.84365332,0.00791159110887856,904.825961100471,7.21570070244679
15,0.03,0.21,0.3,614374.653251185,7136.16447359251,2494.22298307433,19.124900862151,7283131.12376574,2092844.71062555,0.00760933294765268,910.703166695014,6.98297942729288
15,0.03,0.21,0.6,573563.34018639,11152.0685563528,2508.19468262759,17.7500621410206,7323928.46513098,2088830.18138151,0.0070270983471757,915.804583494398,6.48099143924016
15,0.03,0.21,0.9,537751.14628313,26902.2823556975,2520.45494034059,12.3579999229221,7359728.39877653,2073085.35964438,0.00487916013317444,920.28111009186,4.51221472185693
15,0.03,0.21,0.98,528870.145750668,47319.8413263508,2523.49532844602,5.36807896882412,7368606.35892089,2052674.79059468,0.00212272396883298,921.391231798852,1.96001983349191
15,0.03,0.22,0,661072.972453403,5593.69438229803,2444.00104498264,20.6800088421608,7136483.02650162,2194385.62560886,0.0083905415713196,892.365881549287,7.55078822849396
15,0.03,0.22,0.3,611449.145094173,7561.11328689287,2460.98969544591,20.0064659642147,7186089.86521038,2192418.88024714,0.00806388428785141,898.568862549686,7.30486088518391
15,0.03,0.22,0.6,568717.173028707,11800.4333525863,2475.61891596588,18.5551409990073,7228807.20805533,2188181.01150641,0.00743939299151668,903.910356692042,6.77494585726254
15,0.03,0.22,0.9,531477.861401889,28364.2817444195,2488.36772587841,12.8845320758169,7266033.77087223,2171622.8337235,0.00515123256154705,908.565265911356,4.70446477418265
15,0.03,0.22,0.98,522279.795972502,49711.6772965993,2491.51667379117,5.57628302085959,7275228.68735371,2150282.74642038,0.00223310990712122,909.715025518003,2.03604033799136
15,0.03,0.23,0,660745.698951699,5920.9679516451,2409.87822018479,21.5950126224351,7036844.42282812,2294057.43703573,0.00888145192431458,879.906785144971,7.88487898376662
15,0.03,0.23,0.3,608476.77035924,7995.8191969512,2427.772416056,20.8846904400004,7089095.4572247,2291983.29611261,0.00852903837968811,886.440403412446,7.62552259690515
15,0.03,0.23,0.6,563829.815341797,12461.9349811032,2443.05723661416,19.3557223765077,7133727.12742159,2287518.70929652,0.00786046966892245,892.021273518747,7.06725813272239
15,0.03,0.23,0.9,525192.061332185,29845.3888688505,2456.28481956869,13.4045228460292,7172351.65384825,2270141.2066083,0.00542761496995531,896.850994745018,4.89432640415642
15,0.03,0.23,0.98,515686.830425059,52117.2068337435,2459.53891466693,5.77979909917036,7181853.63066027,2247877.01336716,0.00234444295859052,898.039146217762,2.11034914608458
15,0.03,0.24,0,660410.149599218,6256.51720672943,2375.75823695759,22.507183297493,6937214.09216382,2393720.97560997,0.00938477580813347,867.448726269141,8.21793530149713
15,0.03,0.24,0.3,605456.394616881,8440.61711473501,2394.57158506315,21.7594600570696,6992149.03379806,2391537.62342521,0.0090051651246268,874.317949996183,7.94492285333755
15,0.03,0.24,0.6,558900.738581163,13136.9751731087,2410.50983291077,20.1516687751871,7038688.75158593,2386842.87315812,0.00829061091444017,880.137402741545,7.3578780615402
15,0.03,0.24,0.9,518893.706497836,31346.0147353106,2424.20618810152,13.9178312753568,7078682.08731406,2368640.06743341,0.00570841809717039,885.138284430568,5.08174814441464
15,0.03,0.24,0.98,509091.247133203,54536.5903188454,2427.56205159074,5.97857229795206,7088481.19081521,2345457.43110886,0.00245673823533653,886.36359408707,2.18292621028975
15,0.03,0.25,0,660066.006863229,6600.66006863229,2341.64121536721,23.4164121536721,6837592.3519214,2493375.92351921,0.0099009900990099,854.991748760952,8.54991748760952
15,0.03,0.25,0.3,602386.847122955,8895.857320409,2361.3875985665,22.6306548742709,6895251.76527848,2491081.51202472,0.00949265167815258,862.201646926593,8.26301786096816
15,0.03,0.25,0.6,553929.404089737,13825.9723341993,2377.97691989992,20.9428372263456,6943692.61899036,2486153.08482857,0.0087301116113336,868.258822878457,7.64675344226943
15,0.03,0.25,0.9,512582.757301284,32866.5833121993,2392.13189285666,14.4243124896282,6985025.11080586,2467118.99237531,0.00599375674566995,873.427157379288,5.26667709777549
15,0.03,0.25,0.98,502493.044117576,56969.9913060684,2395.58608557318,6.17254662643137,6995111.36979685,2443023.83614731,0.00257001121747956,874.688369494907,2.25375108697575
15,0.03,0.26,0,659712.935472095,6953.73094146263,2307.52724341344,24.3225844576011,6737979.53728449,2593021.94647408,0.0104305964161541,842.535884751332,8.88078365008161
15,0.03,0.26,0.3,599266.918792988,9361.90634670694,2328.22085353833,23.4981492535943,6798404.86035347,2590614.59550404,0.00999190346537902,850.091639148182,8.57976174621863
15,0.03,0.26,0.6,548915.264218918,14529.3624411435,2345.45866948439,21.7290783658516,6848739.2771116,2585448.90848049,0.009179279668706,856.385596695486,7.93382973833157
15,0.03,0.26,0.9,506259.173973642,34407.5320629072,2360.06191268739,14.9238165253039,6891380.76411367,2565577.54412057,0.00628374997867931,861.717605869983,5.4490585088016
15,0.03,0.26,0.98,495892.219386315,59417.5766156035,2363.61101704783,6.36166497298628,6901744.16959664,2540576.06171942,0.00268427776456978,863.013472599588,2.32280292326161
15,0.03,0.27,0,659350.585068641,7316.08183432327,2273.41643600326,25.225579632365,6638375.99849536,2692658.69258604,0.0109741227475952,830.081176195691,9.21048976326726
15,0.03,0.27,0.3,596095.360154076,9839.14792345588,2295.07177558537,24.3618117980131,6701609.56807034,2690136.49026475,0.0105033452695217,837.988082060608,8.89510653274952
15,0.03,0.27,0.6,543857.76251479,15247.5999918305,2312.95523065829,22.5102361880054,6753829.28225455,2684729.88977198,0.00963843675171191,844.517778594109,8.21904998814546
15,0.03,0.27,0.9,499922.916656914,35969.3125293567,2327.99626537236,15.4161888070573,6797749.08707771,2664015.27128184,0.00657852132669301,850.009636394083,5.62883593817679
15,0.03,0.27,0.98,489288.770945312,61879.5164258165,2331.63684661453,6.54586907736242,6808379.59220807,2638113.93770511,0.00279955412955203,851.338903620132,2.39006044687195
15,0.03,0.28,0,658978.58337687,7688.08347273016,2239.30892930189,26.1252708418554,6538782.10769383,2792285.79125643,0.0115321252059308,817.627672811352,9.53898951613245
15,0.03,0.28,0.3,592870.881427293,10327.9840124488,2261.94082423601,25.2215050681022,6604867.17774847,2789646.79448248,0.0110274223849149,825.891143449172,9.20900203799081
15,0.03,0.28,0.6,538756.331312259,15981.1589916219,2280.46685904964,23.2861490128383,6658963.20182869,2783995.55485937,0.0101079190917357,832.655461910498,8.50235515831257
15,0.03,0.28,0.9,493573.944867665,37552.3909698899,2295.93497106532,15.9012697667263,6704130.12016127,2762431.70776034,0.00687819902027461,838.303256310227,5.80595112357595
15,0.03,0.28,0.98,482682.696788267,64355.9843766778,2299.66357516369,6.72509949481135,6715017.63963657,2735637.29052383,0.00291585697098825,839.664662881643,2.45550195304299
15,0.03,0.29,0,658596.539810028,8070.12661457358,2205.20488256748,27.0215246173762,6439198.2553074,2891902.85186081,0.0121051899262557,805.175432747452,9.86623417591948
15,0.03,0.29,0.3,589592.146996575,10828.8358558998,2228.82844273773,26.0770847256235,6508179.02456069,2889145.08705937,0.011564601890421,813.800985154613,9.52139556044328
15,0.03,0.29,0.6,533610.393614027,16730.5340482496,2247.99369650865,24.0566469589896,6564141.61268946,2883245.40930479,0.0105880783091601,820.798698437722,8.78368322090106
15,0.03,0.29,0.9,487212.218082825,39157.2489601691,2263.87804389032,16.3788945327833,6610523.90387328,2860826.3721453,0.00718291621299047,826.598470775452,5.9803438662825
15,0.03,0.29,0.98,476073.994903011,66847.1576669422,2267.69120343903,6.8992955614713,6621658.31389355,2833145.9430375,0.00303320336759649,827.990750655676,2.51910529188221
15,0.03,0.3,0,658204.04303248,8462.6234104176,2171.10440384925,27.9141994780617,6339624.85256367,2991509.4623901,0.0126939351198872,792.724495455456,10.1921720844273
15,0.03,0.3,0.3,586257.778443972,11342.1451980061,2195.7350986813,26.9283994640148,6411546.48645735,2988630.92640253,0.0121153739585344,801.71777790601,9.83223185429841
15,0.03,0.3,0.6,528419.362652096,17496.2415185704,2215.5359964563,24.8215537803582,6469365.10135145,2982478.93692765,0.0110792823126541,808.947580706108,9.06296982405329
15,0.03,0.3,0.9,480837.695711924,40784.3841391951,2231.82550325181,16.8488927782431,6516930.47878482,2959198.76696803,0.00749281123491654,814.895286874817,6.15195197565603
15,0.03,0.3,0.98,469462.663266445,69353.217165906,2235.71973182646,7.06839535594791,6528301.61700173,2930639.71443874,0.00315161083219566,816.317167083137,2.58084785434048
15,0.03,0.31,0,657800.657579435,8866.00886302717,2137.0076510876,28.8031466016155,6240062.33476948,3091105.18799037,0.0132990132990133,780.274918603362,10.5167489029149
15,0.03,0.31,0.3,582866.349339475,11868.3755038681,2162.6612907538,27.7752907302543,6314970.98936977,3088103.8492054,0.0126802533180103,789.641703786483,10.1414530278841
15,0.03,0.31,0.6,523182.640257402,18278.8207211669,2183.0939267595,25.5806844580255,6374634.26581584,3081695.59859437,0.0115819162895725,797.102170008062,9.34014741273658
15,0.03,0.31,0.9,474450.336927457,42434.3108961727,2199.77735308684,17.3110883211943,6423349.88571946,3057548.37801551,0.00780802786117105,803.193706045834,6.32071112327606
15,0.03,0.31,0.98,462848.699851061,71874.3475224383,2203.74916133687,7.23233566599916,6434947.5509876,3028118.4201419,0.00327109732750052,804.643912533123,2.64070656004794
15,0.03,0.32,0,657385.924421491,9280.74246242105,2102.91477171146,29.6882085418088,6140511.1608068,3190689.56932904,0.0139211136890951,767.826756021147,10.839907143828
15,0.03,0.32,0.3,579416.382511038,12408.0132952009,2129.60754255314,28.617592231072,6218454.00994641,3187563.36911257,0.0132597808124097,777.572953974716,10.4489983633702
15,0.03,0.32,0.6,517899.618172866,19078.8352652651,2150.66770737983,26.3338461521769,6279949.71411975,3180894.83088858,0.0120963837207431,785.262546657059,9.61514557631361
15,0.03,0.32,0.9,468050.100273296,44107.5611607713,2167.73361853912,17.7652991592379,6329782.16610816,3155874.67354007,0.00812871560602157,791.493737469096,6.48655485551673
15,0.03,0.32,0.98,456232.102614537,74410.7372792442,2171.7794924541,7.39105194156687,6341596.11789301,3125581.87166881,0.0033916812800976,792.970987182303,2.6986578401646
15,0.03,0.33,0,656959.356557284,9707.30989539868,2068.82597192106,30.5692195851023,6040971.81747079,3290262.12088502,0.0145609648477717,755.380082997678,11.1615863010105
15,0.03,0.33,0.3,575906.351971736,12961.5696515368,2096.57434563279,29.4551285793488,6121997.07368263,3287008.97521988,0.0138545250367539,765.511707949173,10.7548038225347
15,0.03,0.33,0.6,512569.67599618,19896.8744347212,2118.25755088517,27.080837149965,6185312.06645293,3280076.04472813,0.0126231075251339,773.428788266948,9.88789066438098
15,0.03,0.33,0.9,461636.944501278,45804.6852130778,2135.69429979222,18.2113367881154,6236227.36119893,3254177.10345013,0.00845503000634176,779.795381211635,6.64941434476064
15,0.03,0.33,0.98,449612.869507923,76962.5789920109,2139.81072594832,7.54447826427572,6248247.31976613,3223029.87652972,0.00351338160052666,781.298391311881,2.75467762624367
15,0.03,0.34,0,656520.441438309,10146.2250040466,2034.74137723205,31.4460031026772,5941444.81718446,3389822.32899285,0.0152193375111907,742.934945361854,11.481721882865
15,0.03,0.34,0.3,572334.676637548,13529.5817187232,2063.5622500515,30.2877159964724,6025601.7611124,3386440.13056528,0.0144650841691579,753.458166550054,11.058802303212
15,0.03,0.34,0.6,507192.183090084,20733.5547195253,2085.86368353576,27.8214465235089,6090721.95322638,3379238.62383395,0.013162531224662,761.600977450995,10.1583056618962
15,0.03,0.34,0.9,455210.827976845,47526.2525263409,2103.65942245589,18.6490063223503,6142685.5126007,3352455.09846734,0.00878713294894942,768.098646624206,6.80921843344817
15,0.03,0.34,0.98,442990.998477694,79530.0693623222,2107.84286253936,7.69254729182384,6154901.15865977,3320462.23809039,0.00363621769509294,769.626125184683,2.80874132992718
15,0.03,0.35,0,656068.635108552,10598.0317979074,2000.66119994444,32.3183732298718,5841930.7036915,3489369.64982886,0.0158970476911431,730.491420629715,11.8002460255569
15,0.03,0.35,0.3,568699.719562156,14112.6144088756,2030.57182443933,31.1151612089068,5929269.7086134,3485856.27042992,0.0150920878996205,741.41253739841,11.3609232364021
15,0.03,0.35,0.6,501766.496815422,21589.5214126055,2053.48629486484,28.5554529577742,5996180.01688971,3478381.92313444,0.0137151202600223,749.779183412525,10.4263097612073
15,0.03,0.35,0.9,448771.708449178,49272.852735474,2071.62899835428,19.0781059159268,6049156.66255247,3450708.06915861,0.00912519303969473,756.403538024108,6.96589342255279
15,0.03,0.35,0.98,436366.487451672,82113.4093556678,2075.87590298375,7.83519022494899,6061557.63664534,3417878.75545411,0.00376020948896693,757.954189076942,2.8608238308845
15,0.03,0.36,0,655603.360174113,11063.3067029382,1966.58563470933,33.1861325857199,5742430.05419118,3588903.50716448,0.0165949600491703,718.049579873244,12.117086660361
15,0.03,0.36,0.3,564999.785443352,14711.2622124208,1997.60363626542,31.9372604976121,5833002.61092038,3585256.80052708,0.0157361995259862,729.375027691411,11.6610922391906
15,0.03,0.36,0.6,496291.963027902,22465.4503535844,2021.12566449593,29.2826258418921,5901686.9113076,3577505.26702057,0.0142813633654727,737.963508249077,10.6918187605209
15,0.03,0.36,0.9,442319.544007732,51045.0965517725,2039.60303258076,19.4984263806564,5955640.85295969,3548935.40502185,0.00946938592840937,744.710057271049,7.11936293223717
15,0.03,0.36,0.98,429739.33435712,84712.8043490289,2043.90984791196,7.97233675152179,5968216.75579497,3515279.22331422,0.0038853774408248,746.282583218854,2.91089945639939
15,0.03,0.37,0,655124.005598056,11542.6610510134,1932.5149035518,34.0490721101984,5642943.47949839,3688423.28987688,0.0173139915769771,705.609504159351,12.4321674542362
15,0.03,0.37,0.3,561233.118035297,15326.1511551977,1964.65830695737,32.753799858952,5736802.22365775,3684641.09504494,0.0163981182186576,717.345864327811,11.9592311734998
15,0.03,0.37,0.6,490767.915699537,23362.0497905886,1988.78194814688,30.0027216633908,5807243.30235232,3676607.94748775,0.0148617740723237,726.154008817131,10.9547437473456
15,0.03,0.37,0.9,435854.291984141,52843.616841675,2007.58155403466,19.9097512024759,5862138.12646182,3647136.47340712,0.00981989473939928,733.018214916906,7.26954790780403
15,0.03,0.37,0.98,423109.537106579,87328.4642618066,2011.94469803596,8.10391500878383,5874878.51819539,3612663.43182318,0.00401174256720937,734.611307870379,2.9589419675822
15,0.03,0.38,0,654629.923115068,12036.7437475996,1898.44918211662,34.9069688324668,5543471.62770282,3787928.34928357,0.0180551156160912,693.171257620329,12.7454069949544
15,0.03,0.38,0.3,557397.896165599,15957.9408906668,1931.73643313649,33.5645530385025,5640670.36740126,3784008.4945563,0.0170785814868125,705.325265148959,12.2552574281832
15,0.03,0.38,0.6,485193.675110496,24280.0623601203,1956.45543200948,30.7154869872272,5712849.86945749,3775689.22215289,0.0154568923556586,714.35078961246,11.2149921862113
15,0.03,0.38,0.9,429375.909807652,54669.0696881301,1975.56456424397,20.3118556375713,5768648.5256281,3745310.61845623,0.0101769104716297,721.32801151958,7.41636628966821
15,0.03,0.38,0.98,416477.093601408,89960.6037127263,1979.98045411881,8.22985151988913,5781542.92594447,3710031.16643575,0.00413932645683846,722.940363310129,3.00492453619952
15,0.03,0.39,0,654120.422614246,12546.2441714536,1864.3887510873,35.7595875208548,5444015.18863467,3887417.99624103,0.0188193662538202,680.73494274075,13.0567193935521
15,0.03,0.39,0.3,553492.233516398,16607.3270314099,1898.83866827998,34.3692819783111,5544608.92781532,3883358.30368661,0.0177783678024493,693.313468755729,12.5490840823308
15,0.03,0.39,0.6,479568.549959957,25220.2672807664,1924.14633479089,31.420654773938,5618507.30370525,3874748.31206446,0.0160672863377235,702.553930490525,11.4724665743341
15,0.03,0.39,0.9,422884.354256841,56522.1356001596,1943.55208635305,20.7045068102114,5675172.09365681,3843457.15989303,0.0105406324623142,709.639455529658,7.55973304907844
15,0.03,0.39,0.98,409842.001737379,92609.4421674353,1948.01711679948,8.35007115184989,5688209.98114582,3807382.20776141,0.00426815129760683,711.269749771409,3.04881972931919
15,0.03,0.4,0,653594.771120967,13071.8954224193,1830.33385996064,36.6066771992127,5344574.89501907,3986891.49790038,0.0196078431372549,668.300650618128,13.3660130123626
15,0.03,0.4,0.3,549514.17134753,17275.0435510203,1865.96570723289,35.1677358798238,5448619.86294524,3982689.7887131,0.0184982995313806,681.310728853408,12.8406195631207
15,0.03,0.4,0.6,473891.83523631,26183.4826492583,1891.85490703313,32.1179451185646,5524216.30985666,3973784.39940562,0.01669355421655,690.763522930471,11.7270647114159
15,0.03,0.4,0.9,416379.58239043,58403.5207186271,1911.54413805908,21.0874629887027,5581708.87347151,3941575.39181839,0.0109112688508612,697.952553408822,7.69955992375007
15,0.03,0.4,0.98,403204.259395863,95275.2040991594,1916.05468697097,8.46449705693263,5594879.68591717,3904716.33140378,0.00439823989658392,699.599467580274,3.09059948791253
15,0.03,0.41,0,653052.189075239,13614.4778400431,1796.28476532708,37.4479705313951,5245151.52615943,4086348.07418943,0.0204217167524489,655.868474940051,13.6731902402756
15,0.03,0.41,0.3,545461.680059375,17961.8655516969,1833.1182231417,35.9596489749314,5352705.20171748,4082002.17479933,0.0192392460000658,669.317291224612,13.1297668319718
15,0.03,0.41,0.6,468162.813941316,27170.5679840693,1859.58137081479,32.8070633190402,5429977.60468787,4072796.62495261,0.0173363262675279,678.979648018749,11.9786789943645
15,0.03,0.41,0.9,409861.550335741,60313.9581785251,1879.54071881344,21.460473023997,5488258.90894544,4039664.58134845,0.0112890371221988,686.267304956756,7.83575521288691
15,0.03,0.41,0.98,396563.864447741,97958.1191578186,1884.09316521488,8.57305061435012,5501552.04238704,4002033.30779157,0.00452961570436974,687.929516949082,3.13023510556459
15,0.03,0.42,0,652491.843660465,14174.8228105549,1762.24175274708,38.2831829045056,5145745.91458679,4185786.89400654,0.0212622342220722,643.438519971779,13.9781471580076
15,0.03,0.42,0.3,541332.652092637,18668.6121103238,1800.29693126572,36.7447407173501,5256867.0509761,4181294.64314896,0.0200021269401497,657.333417028395,13.4164234544225
15,0.03,0.42,0.6,462380.753261793,28182.4268733046,1827.3259990398,33.4877004569285,5335791.92073917,4171784.08542624,0.0179962671523676,667.202405399406,12.227196629336
15,0.03,0.42,0.9,403330.214303978,62254.2095062737,1847.54186130163,21.82327641224,5394822.24383472,4137723.96721731,0.0116741646519249,674.583722107758,7.96822380001915
15,0.03,0.42,0.98,389920.814756334,100658.422346037,1852.13255226779,8.67565137028701,5408227.0526914,4099332.90200259,0.00466230283880154,676.259898146777,3.16769720657604
15,0.03,0.43,0,651912.849304867,14753.817115847,1728.20512101614,39.1120106335232,5046358.94557412,4285207.07087352,0.0221307256819351,631.010894811019,14.2807728825652
15,0.03,0.43,0.3,537124.898614894,19396.1494436003,1767.50259410143,37.5227148367067,5161107.59879101,4280566.32784156,0.0207879161864942,645.359384671283,13.7004812547525
15,0.03,0.43,0.6,456544.90772722,29220.0099652545,1795.08903941917,34.1595309324606,5241660.00323336,4270745.83050381,0.0186740782450873,655.431885517926,12.4724987317147
15,0.03,0.43,0.9,396785.530243525,64225.0661402578,1815.54757934577,22.1756021792181,5301398.92217713,4235752.75825756,0.012066889291137,662.901809908623,8.09686674568701
15,0.03,0.43,0.98,383275.108168764,103376.354204225,1820.17284899375,8.77221697975078,5314904.71898224,4196614.8735788,0.0047963261133169,664.590611488842,3.2029557247315
15,0.03,0.44,0,651314.258937408,15352.4075320961,1694.17519804911,39.9341296683004,4946991.56586454,4384607.65833824,0.0230286113049546,618.58571918768,14.5809490951382
15,0.03,0.44,0.3,532836.147487568,20145.394384924,1734.73600281328,38.293257750205,5065429.11650962,4379816.31235733,0.0215976456801593,633.395483027198,13.9818257360436
15,0.03,0.44,0.6,450654.516797527,30284.3181032482,1762.87076363774,34.8222123458401,5147582.61243884,4369680.85968441,0.0193705003084788,643.668187573228,12.7144602827749
15,0.03,0.44,0.9,390227.453586424,66227.3510473532,1783.55787268449,22.5171684156341,5207988.98854089,4333750.13178423,0.0124674600463546,651.221568263926,8.22158111775842
15,0.03,0.44,0.98,376626.742524322,106112.160993729,1788.21405595325,8.86266313063215,5221585.04341972,4293878.97634314,0.00493171105969821,652.921657179931,3.23597987557206
15,0.03,0.45,0,650695.060715787,15971.6060357511,1660.15233261497,40.749193618731,4847644.7869516,4483987.64477063,0.0239574090505767,606.163120446039,14.8785493200391
15,0.03,0.45,0.3,528464.038569732,20917.3181209991,1701.99793001115,39.0560361794569,4969833.96350026,4479043.62584282,0.0224324098723435,621.441994195321,14.2603352100242
15,0.03,0.45,0.6,444708.806327982,31376.4058006343,1730.67141310218,35.4753831752071,5053560.52225892,4468588.11881619,0.020086316296007,631.911399708935,12.9529492818475
15,0.03,0.45,0.9,383655.939449557,68261.9204603942,1751.57276851688,22.8476821333999,5114592.48778193,4431715.23185747,0.012876137741214,639.543007104725,8.34225993895766
15,0.03,0.45,0.98,369975.71564954,108866.094903784,1756.25617405803,8.94690349216327,5128268.0281764,4391124.95819272,0.0050684839642247,641.253035552939,3.26673813757611
15,0.03,0.46,0,650054.170971753,16612.4954803892,1626.13688663567,41.5568315473559,4748319.69214161,4583345.94768806,0.0249187432286024,593.743230732848,15.1734381187283
15,0.03,0.46,0.3,524006.116966506,21712.9502231722,1669.28924206885,39.810698252372,4874324.59379143,4578247.23907858,0.0232933705707635,609.499234510388,14.5358811993973
15,0.03,0.46,0.6,438706.984884685,32497.3849030271,1698.49127422547,36.1186631499152,4959594.52384109,4567466.49643382,0.0208223545661025,620.161626501575,13.1878268826128
15,0.03,0.46,0.9,377070.943011739,70329.6657049042,1719.59228320582,23.1668381748248,5021209.46470505,4529647.16745692,0.013293195766763,627.866132405524,8.45879178858292
15,0.03,0.46,0.98,363322.025357479,111638.414253863,1724.29920391374,9.02484962273018,5034953.67543861,4488352.56089652,0.00520667188822362,629.584746829006,3.29519821849936
15,0.03,0.47,0,649390.430724516,17276.2359871994,1592.12927258664,42.3566466857955,4649017.4400029,4682681.40736612,0.025914353979048,581.326200653196,15.4654706211511
15,0.03,0.47,0.3,519459.83132144,22533.3831712034,1636.61080924383,40.5568698985276,4778903.55786932,4677426.0599589,0.0241817621475194,597.567521725153,14.8083271216999
15,0.03,0.47,0.6,432648.247841356,33648.4287359844,1666.33062218898,36.7516505068423,4865685.42153646,4666314.81961351,0.0215794921337933,608.41896842675,13.4189463913108
15,0.03,0.47,0.9,370472.418537626,72431.5152579845,1687.61642756218,23.4743186538825,4927839.96503481,4627545.01042336,0.013718920931455,616.190948113642,8.57106059849886
15,0.03,0.47,0.98,356665.669451381,114429.38372523,1692.34314635701,9.09641091328661,4941641.98740226,4585561.51986386,0.0053463027084432,617.916791313605,3.32132703471377
15,0.03,0.48,0,648702.594586412,17964.0718500853,1558.12989079294,43.1482123604198,4549739.2755228,4781992.77993756,0.0269461077844311,568.912176375772,15.7544910380983
15,0.03,0.48,0.3,514822.528498326,23379.7772252069,1603.96352006213,41.2941533789755,4683573.50798161,4776578.92862142,0.0250988973007537,585.647180262687,15.0775277524984
15,0.03,0.48,0.6,426531.772145863,34830.7764174316,1634.18974690492,37.3739213030424,4771834.03810723,4765131.84966127,0.0223586585505954,596.683531338657,13.6461530157734
15,0.03,0.48,0.9,363860.320509208,74568.4368131871,1655.64521599209,23.7697922485389,4834484.0342748,4725407.79339457,0.0141536142834882,604.517459489111,8.67894539474778
15,0.03,0.48,0.98,350006.645718311,117239.274573164,1660.38800217107,9.16149449759264,4848332.96627952,4682751.56393234,0.00548740514484477,606.249169292714,3.34509067843351
15,0.03,0.49,0,647989.327011818,18677.3394256348,1524.13922602839,43.9310718090535,4450486.53376215,4881278.72950256,0.0280160091480846,556.501334903615,16.0403325942807
15,0.03,0.49,0.3,510091.445983794,24253.3657071719,1571.3483633786,42.0221276009728,4588337.20565283,4875704.61216523,0.0260461734213688,573.738571178611,15.3433293403052
15,0.03,0.49,0.6,420356.720621121,36045.7377667398,1602.06890762221,37.9850264287686,4678041.21047126,4863916.27720683,0.0231608397993013,584.95540989556,13.8692827748041
15,0.03,0.49,0.9,357234.602703782,76741.4395852022,1623.67866996597,24.0529135223377,4741141.71862625,4823234.50750128,0.0145975920856095,592.845674371324,8.78232004984357
15,0.03,0.49,0.98,343344.951935511,120068.36488616,1628.43377200871,9.22000517497342,4755026.61429248,4779922.41510866,0.00563000879882519,594.581881004679,3.36645438951217
15,0.03,0.5,0,647249.190705429,19417.4757211629,1490.15775701964,44.704732710589,4351260.65153755,4980537.81954613,0.029126213592233,544.093851031794,16.3228155309538
15,0.03,0.5,0.3,505263.709167526,25155.4609264118,1538.76627764172,42.7403420970197,4493197.52455483,4974801.79873149,0.0270250794802744,561.842037123934,15.6055674081743
15,0.03,0.5,0.6,414122.236951706,37294.6984481314,1569.96842595506,38.584492232375,4584307.79462234,4962666.71705964,0.0239870829216195,573.234721526841,14.0881627263459
15,0.03,0.5,0.9,350595.218723733,78951.576820475,1591.71680064221,24.3233218328129,4647813.06447562,4921024.09985769,0.0150511868452628,581.175596834487,8.88105288420582
15,0.03,0.5,0.98,336680.58586607,122916.939818606,1596.48045673045,9.27184532076975,4661722.9336772,4877073.78833607,0.005774144187074,582.914926763707,3.38538252274606
15,0.03,0.51,0,646480.63880272,20186.0281095543,1456.18601754679,45.4686654458488,4252063.17517973,5079768.503225,0.0302790421531763,531.689919656773,16.6017464709155
15,0.03,0.51,0.3,500336.323975947,26087.4605775839,1506.21831016674,43.4483189437419,4398157.45771389,5073869.09110347,0.0280372036975988,549.957960499631,15.8640674543338
15,0.03,0.51,0.6,407827.449435082,38579.1258049665,1537.88858331773,39.1718159057475,4490634.6619816,5061381.70237913,0.0248385007479961,561.521568983888,14.3026092825861
15,0.03,0.51,0.9,343942.121671648,81199.948447564,1559.75963152898,24.5806407500523,4554498.11869682,5018775.47091169,0.0155147484288168,569.507235462018,8.97500645386284
15,0.03,0.51,0.98,330013.545257089,125785.291872367,1564.52805707198,9.31691479897083,4568421.92668584,4974205.39121283,0.00591984278343188,571.248306838409,3.40183851597422
15,0.03,0.52,0,645682.001694966,20984.6650550864,1422.22458990035,46.2222991717613,4152895.77371513,5178969.11264574,0.0314769975786925,519.289753387364,16.8769169850893
15,0.03,0.52,0.3,495306.169831994,27050.8547914937,1473.70552022104,44.1455477649328,4303220.12464778,5172904.99966074,0.0290842419892415,538.086728070709,16.1186431276711
15,0.03,0.52,0.6,401471.467290173,39900.5750587514,1505.82969483776,39.7464652954104,4397022.70301499,5160059.67847595,0.0257162774120336,549.816067327638,14.5124281409867
15,0.03,0.52,0.9,337275.264364723,83487.7039274602,1527.80716554099,24.8244765515334,4461196.92846974,5116487.47159599,0.0159886452642925,557.840591318154,9.06403700087862
15,0.03,0.52,0.98,323343.82784522,128673.721163204,1532.57657381802,9.35511086478583,4475123.59558096,5071316.92372593,0.00606713705783294,559.582021515305,3.41578485450493
15,0.03,0.53,0,644851.478561578,21815.1883172959,1388.27406019282,46.9650160788633,4053760.24737823,5278137.84666663,0.0327227824655279,506.893566227902,17.148101495795
15,0.03,0.53,0.3,490169.994831823,28047.2339848546,1441.22903391326,44.8314844523654,4208388.77613426,5271907.93453069,0.0301680072233338,526.228751007579,16.3690957606699
15,0.03,0.53,0.6,395053.38194872,41260.6962364796,1473.79206290561,40.3078752719958,4303472.82598837,5258698.99588825,0.0266216742076557,538.11832696841,14.7174129586875
15,0.03,0.53,0.9,330594.599224463,85816.045356229,1495.85943133786,25.0544178823751,4367909.5413442,5214158.90022589,0.0164732656588145,546.175674867237,9.14799432930223
15,0.03,0.53,0.98,316671.4313492,131582.535715646,1500.62600777021,9.38632806538419,4381827.94264303,5168408.07795629,0.00621606051992289,547.916071087099,3.4271830348734
15,0.03,0.54,0,643987.120039609,22679.5464013949,1354.33512083005,47.696149907493,3954658.54483956,5377272.7574487,0.0340193196136077,494.501610993071,17.4150567349734
15,0.03,0.54,0.3,484924.406926732,29078.2974155822,1408.79000465397,45.505547055397,4113666.80306861,5370876.19703736,0.0312904395546766,514.384450449281,16.6152128686018
15,0.03,0.54,0.6,388572.265039487,42661.241687633,1441.77600496811,40.8554459466721,4209985.95895554,5357297.90286642,0.0275560362094465,526.428463813983,14.9173447012786
15,0.03,0.54,0.9,323900.078315489,88186.2308479921,1463.9164384728,25.2700339168652,4274636.00524604,5311788.49911809,0.0169690192500305,534.51248959738,9.2267211338954
15,0.03,0.54,0.98,309996.353475379,134512.051775575,1468.67635963168,9.41045813685375,4288534.97016499,5265478.53776629,0.00636664776637456,536.250455810519,3.43599352721872
15,0.03,0.55,0,643086.816591249,23579.8499416791,1320.40848945909,48.4149779468334,3855592.77491929,5476371.73508038,0.0353697749196141,482.114149713751,17.6775188228375
15,0.03,0.55,0.3,479565.868246685,30145.8627580215,1376.38963696255,46.1671130259103,4019057.74211635,5469807.97012895,0.0324536177739728,502.554266195949,16.8567671435855
15,0.03,0.55,0.6,382027.169818763,44104.0744482508,1409.78186478283,41.3885400279482,4116563.04831645,5455854.53701172,0.0285207994117995,514.746603378832,15.1119906777046
15,0.03,0.55,0.9,317191.653206942,90599.5781476674,1431.97820991864,25.4708736348641,4181376.36858314,5409374.9509787,0.0174763385714731,522.851043896542,9.30005273592975
15,0.03,0.55,0.98,303318.591913685,137462.594122635,1436.72763030729,9.42738989299449,4195244.68045601,5362527.97848747,0.00651893452728798,524.58517601595,3.44217573467961
15,0.03,0.56,0,642148.27789408,24518.3887923194,1286.49493098124,49.1207155465563,3756565.22717494,5575432.49049213,0.0367775831873906,469.731461674524,17.9352012639364
15,0.03,0.56,0.3,474090.683422279,31251.876526389,1344.02919812496,46.8155160776842,3924565.2873796,5568701.30795753,0.0336597720792453,490.738660965377,17.0935153078644
15,0.03,0.56,0.6,375417.128484794,45591.1773567035,1377.80995411561,41.906478195635,4023205.06156109,5554366.9161651,0.0295174988764573,503.072859496461,15.3011028511812
15,0.03,0.56,0.9,310469.275067019,93057.4686219367,1400.04475454,25.6564640198867,4088130.68017844,5506916.87491404,0.0179956807821224,511.191341001419,9.36781642526112
15,0.03,0.56,0.98,296638.144337986,140434.496403211,1404.77982050311,9.43700910188456,4101957.07584151,5459556.06658769,0.00667295771364879,512.920231961196,3.4456879483256
15,0.03,0.57,0,641169.0149634,25497.6515252887,1252.59534552412,49.8125125778195,3657578.38969107,5674452.53596213,0.0382464772981436,457.353875534493,18.1877936549764
15,0.03,0.57,0.3,468494.994665935,32398.4258935071,1311.71003805398,47.4500426791061,3830193.29529601,5667554.12406381,0.0349112980521862,478.938127644458,17.3251968332086
15,0.03,0.57,0.6,368741.153893457,47124.6632296212,1345.86060391612,42.408536823682,3929912.98550263,5652832.92823356,0.0305477775016181,491.407353004874,15.4844170077469
15,0.03,0.57,0.9,303732.894672444,95561.3514547545,1368.1160923603,25.8263089890152,3994898.98923519,5604412.82223626,0.0185275295191651,499.533388223053,9.42983106961417
15,0.03,0.57,0.98,289955.008407222,143428.101521603,1372.83293105974,9.4391983814068,4008672.15866172,5556562.45928002,0.00682875548190575,501.255623953189,3.44648730901116
15,0.03,0.58,0,640146.318952633,26520.3474994662,1218.71060970945,50.4894395451058,3558634.97043766,5773429.16306099,0.0397805212620027,444.981711370163,18.4349566139068
15,0.03,0.58,0.3,462774.769674814,33587.751601875,1279.43349570915,48.0699242798509,3735945.79682948,5766364.17847385,0.0362107724590638,467.153155120805,17.5515311026806
15,0.03,0.58,0.6,361998.236016993,48706.7859682704,1313.93418013577,42.8939449723596,3836687.82980287,5751250.32008676,0.031613396110094,479.750217522075,15.6616516580328
15,0.03,0.58,0.9,296982.462351132,98112.748371139,1336.19224090441,25.9798875744288,3901681.34540796,5701861.27174129,0.0190723969689799,487.877191960224,9.48590645061333
15,0.03,0.58,0.98,283269.181762082,146443.76197202,1340.88696275379,9.43383705008943,3915389.93127516,5653546.80419093,0.00698636727765701,489.591352275476,3.4445297529139
15,0.03,0.59,0,639077.234660155,27589.4318377677,1184.84175466554,51.1504855062929,3459737.92358518,5872359.41767673,0.0413841477671265,432.615345672256,18.6763210204852
15,0.03,0.59,0.3,456925.793562861,34822.2625260651,1247.20103223779,48.6743368155462,3641827.0054049,5865129.06313712,0.0375609707367954,455.384276895822,17.7722172297763
15,0.03,0.59,0.6,355187.343817823,50339.9530518533,1282.03103713227,43.3618784986145,3743530.62514504,5849616.68506965,0.0327162443583564,468.101582432921,15.8325058868066
15,0.03,0.59,0.9,290217.927840127,100713.258705017,1304.27321770411,26.1166522645104,3808477.79894217,5799260.62464272,0.019630826161602,476.222758614215,9.53584265807936
15,0.03,0.59,0.98,276580.662027432,149481.840254146,1308.94191646291,9.42080100511462,3822110.3960561,5750508.73894485,0.0071458339046539,477.927417248518,3.43976996699248
15,0.03,0.6,0,637958.532846317,28708.1339780843,1150.98988933564,51.7945450201037,3360890.47726435,5971240.0714769,0.0430622009569378,420.255183343675,18.9114832504654
15,0.03,0.6,0.3,450943.656615133,36104.5518016041,1215.01415214509,49.2623923225606,3547841.32923272,5963846.18580607,0.0389648867078394,443.632042301975,17.9869309967749
15,0.03,0.6,0.6,348307.423743442,52026.7393061387,1250.1515139155,43.8114551569785,3650442.42474264,5947929.44923871,0.0338583531400305,456.461571518399,15.9966575641918
15,0.03,0.6,0.9,283439.240564723,103364.564948228,1272.35904022348,26.2360270495808,3715288.40039505,5896609.19902472,0.0202033934293885,464.570094561599,9.5794293764782
15,0.03,0.6,0.98,269889.446809242,152542.709308147,1276.99779295191,9.39996257442407,3728833.5553978,5847447.89072928,0.00730719758647125,466.263819151567,3.43216133498659
15,0.03,0.61,0,636786.676260065,29879.9901937415,1117.15622608627,52.4204075317403,3262096.16751385,6070067.58939873,0.0448199853049229,407.901667049748,19.1400013000267
15,0.03,0.61,0.3,444823.742375695,37437.4149212019,1182.87444072208,49.8331339981212,3453993.38318358,6062512.7519448,0.0404257546721349,431.897030168649,18.195323051064
15,0.03,0.61,0.6,341357.397750925,53769.9022027165,1218.29599314721,44.2417314398517,3557424.30625593,6046185.85606584,0.0350419085135233,444.830324497875,16.1537621919759
15,0.03,0.61,0.9,276646.349307054,106068.438812357,1240.44972716135,26.337405414203,3622113.20096578,5993905.22378223,0.020790711191276,452.919206629788,9.61644515186087
15,0.03,0.61,0.98,263195.533696829,155626.752923479,1245.05459304971,9.37119036614501,3635559.41171012,5944363.87588616,0.00747050203370887,454.600558287276,3.4216558824387
15,0.03,0.62,0,635557.785417338,31108.8810756908,1083.34208514057,53.026744167407,3163358.87249752,6168838.09218014,0.0466633216256899,395.555278836952,19.3613899641245
15,0.03,0.62,0.3,438561.217799042,38823.8701649815,1150.78355638915,50.3855286535708,3360287.99864457,6161125.74430636,0.0419470741305159,420.179846026587,18.3970161496351
15,0.03,0.62,0.6,334336.164472007,55572.3990702907,1186.46485153881,44.6516948764312,3464477.37067645,6144382.94923483,0.0362692671188992,433.207978918109,16.3034500917569
15,0.03,0.62,0.9,269839.20242223,108826.747961451,1208.54529120266,26.4201479006876,3528952.25228657,6091146.83189065,0.0213934309933969,441.270099450372,9.64665650223857
15,0.03,0.62,0.98,256498.920258834,158734.366230455,1213.11231761903,9.33434910664146,3542287.96742355,6041256.29942044,0.00763579251407635,442.937634970648,3.40820421756247
15,0.03,0.63,0,634267.592433663,32399.074316206,1049.5489152047,53.6120932361321,3064682.85865113,6267547.31359056,0.0485986114682438,383.216547664117,19.5751155428427
15,0.03,0.63,0.3,432151.016148697,40267.1813061851,1118.74323743562,50.9184591893397,3266730.24061387,6259681.90023463,0.0435326379723847,408.481124568681,18.5916024115076
15,0.03,0.63,0.6,327242.59717401,57437.4062302487,1154.65847082094,45.0402579153482,3371602.74435517,6242517.55351184,0.0375429737787517,421.594674158495,16.4453241713415
15,0.03,0.63,0.9,263017.74763052,111641.463076527,1176.64575555724,26.4835799125195,3435805.60661392,6188332.05334356,0.0220122468397623,429.622781497837,9.66981711555869
15,0.03,0.63,0.98,249799.604045696,161865.956179651,1181.17096745711,9.28929948076115,3449019.22498685,6138124.75452087,0.00780311593654051,431.275049492776,3.39175547291292
15,0.03,0.64,0,632911.392771389,33755.2742811407,1015.7783560054,54.1748456536213,2966072.82887261,6366190.5508732,0.0506329113924051,370.886072236472,19.7805905192785
15,0.03,0.64,0.3,425587.826403809,41770.8835569546,1086.75527842282,51.4307141960201,3173325.41831777,6358177.68572885,0.0451865639970525,396.801521034133,18.7786395208218
15,0.03,0.64,0.6,320075.543106638,59368.3405048245,1122.87724860608,45.4062509339839,3278801.57964476,6340586.25324424,0.038865781252461,409.990555397296,16.5789573722709
15,0.03,0.64,0.9,256181.932164907,114514.666153176,1144.75113634126,26.5269886555922,3342673.31669875,6285458.80685817,0.0226478989827147,417.977258656602,9.6856667328731
15,0.03,0.64,0.98,243097.582587971,165021.942089302,1149.23054344606,9.23589793852365,3355753.18686858,6234968.82201276,0.00797252091953997,419.612802175744,3.37225723480345
15,0.03,0.65,0,631483.987202823,35182.6792870144,982.032179420882,54.7132214248777,2867533.98061776,6464762.60749156,0.0527740189445196,358.56449951105,19.9771649727585
15,0.03,0.65,0.3,418866.07398359,43338.8125597645,1054.82161072133,51.9209816372109,3080079.10440569,6456609.2664586,0.0469133310633359,385.141740614626,18.9576484202866
15,0.03,0.65,0.6,312833.823187678,61368.8834364956,1091.12160119168,45.7484140314806,3186075.05521113,6438585.36814947,0.0402406725649285,398.395774635113,16.7038896732443
15,0.03,0.65,0.9,249331.702624735,117448.559225475,1112.86145081971,26.5496202582911,3249555.43592444,6382524.89115427,0.0233011780666413,406.333537230547,9.69393009680853
15,0.03,0.65,0.98,236392.853394229,168202.756110803,1117.29104641839,9.1739965223413,3262489.85555935,6331788.06989268,0.00814405789139429,407.950893323516,3.34965548021987
15,0.03,0.66,0,629979.618185249,36687.048353141,948.312355589643,55.2252489431616,2769072.06945916,6563257.72639792,0.0550305725403002,346.252548834668,20.1641190203719
15,0.03,0.66,0.3,411979.906553325,44975.137571483,1022.94423359163,52.3878339861322,2986997.14921308,6554972.47459453,0.0487178198862221,373.502513290144,19.1281078841865
15,0.03,0.66,0.6,305516.229505264,63443.0085512077,1059.39191115015,46.0653856814265,3093424.37858359,6536510.92606311,0.0416708866217244,386.810471558698,16.8196239469308
15,0.03,0.66,0.9,242467.004943093,120445.474104076,1080.97671913551,26.5506764552814,3156452.01833777,6479527.97521947,0.023972929754138,394.691624574352,9.69431574073462
15,0.03,0.66,0.98,229685.413953201,171408.843968214,1085.35247724519,9.10344264766341,3169229.23356955,6428582.05258914,0.00831777916515323,396.289323254151,3.3238944967281
15,0.03,0.67,0,628391.887958741,38274.7786302142,914.621054520776,55.7087369571746,2670693.49098674,6661669.51263283,0.0574121679520137,333.951012531898,20.3406525814884
15,0.03,0.67,0.3,404923.174464501,46684.3990187808,991.125241377151,52.8297162809915,2894085.70029412,6653262.77126494,0.0506053598322883,361.884603757832,19.289450157097
15,0.03,0.67,0.6,298121.526281728,65595.0122633257,1027.68861929297,46.3556956500025,3000850.78509898,6634358.63204102,0.0431599469454517,375.234807119345,16.9256233742072
15,0.03,0.67,0.9,235587.784481463,123507.883293932,1049.09695820949,26.5293107518051,3063363.11856033,6576465.58739532,0.0246640599224336,383.051526866241,9.68651458825283
15,0.03,0.67,0.98,222975.261730064,174640.665421278,1053.41483679424,9.02407891535543,3075971.32343314,6525350.31049981,0.00849373905823878,384.628092284496,3.29491681396915
15,0.03,0.68,0,626713.670038826,39952.9964649752,880.960744644357,56.1612474710778,2572405.36921653,6759990.84228755,0.0599294947121034,321.660791888271,20.5058754828773
15,0.03,0.68,0.3,397689.412041262,48471.5514862848,959.366862454208,53.2449330537955,2801351.22109628,6751475.20358066,0.0525817823671348,350.288825653593,19.4410561812671
15,0.03,0.68,0.6,290648.446834409,67829.5488774123,996.012170846838,46.6177511068718,2908355.54099474,6732123.83337148,0.0447116950370254,363.668943880452,17.0213063728966
15,0.03,0.68,0.9,228693.985890159,126638.411917243,1017.22218945669,26.484624482532,2970288.79192038,6673335.10345828,0.0253755404571636,371.413251925373,9.67019851418448
15,0.03,0.68,0.98,216262.394168418,177898.695021781,1021.47812593054,8.93574286074638,2982716.12770565,6622092.36923536,0.00867199397386634,372.96720073039,3.26266311203002
15,0.03,0.69,0,624937.002148093,41729.6643369856,847.334134802997,56.5800535174905,2474215.6637171,6858213.7556095,0.062594496522528,309.382875969944,20.6587920405737
15,0.03,0.69,0.3,390271.81388279,50342.012761734,927.671408822595,53.6316286055646,2708800.51470839,6849604.35560966,0.0546534827265231,338.71602314635,19.5822483946068
15,0.03,0.69,0.6,283095.693252851,70151.6705544533,964.362995278347,46.84982184571,2815939.94375187,6829801.4796237,0.0463303283466614,352.113038651006,17.1060412014149
15,0.03,0.69,0.9,221785.553049379,129839.851178387,985.352429732391,26.4156620434234,2877229.09452089,6770133.73315957,0.0261084158100496,359.776805906039,9.64501860360496
15,0.03,0.69,0.98,209546.808686829,181183.42278537,989.542345537667,8.83826673379626,2889463.64896763,6718807.7389479,0.00885260252969846,361.306648914441,3.22707214117736
15,0.03,0.7,0,623052.959523623,43613.7071666536,813.744283731311,56.9620998611918,2376133.29619265,6956329.33073349,0.0654205607476635,297.118381597395,20.7982867118176
15,0.03,0.7,0.3,382663.213668209,52301.7204613208,896.041350424775,53.9877711088,2616440.74498137,6947644.29176757,0.056827490742232,327.167098073846,19.7122849261006
15,0.03,0.7,0.6,275461.936051426,72566.872937462,932.741548985202,47.0500263753807,2723605.32239959,6927386.07703616,0.0480204438970251,340.567258073222,17.1791408803109
15,0.03,0.7,0.9,214862.429162447,133115.173199243,953.487700064647,26.3214059607347,2784184.08313749,6866858.5053948,0.0268638103063852,348.142196486104,9.61060335141325
15,0.03,0.7,0.98,202828.502680419,184495.354883982,957.607496509373,8.73147723751248,2796213.88982307,6815495.91363878,0.00903562567041773,349.646437162985,3.18808062634674
15,0.03,0.71,0,621051.504471825,45615.1622249996,780.194635821856,57.3039508379501,2278168.30089235,7054327.53382416,0.0684227433344041,284.868566404455,20.9231050497065
15,0.03,0.71,0.3,374856.057310154,54357.1971514592,864.47927271015,54.3111275831488,2524279.46341714,7045588.49172096,0.0591115531527228,315.642994448294,19.8303504587972
15,0.03,0.71,0.6,267745.81018742,75081.1473871454,901.148296740253,47.2163135482225,2631353.04151584,7024871.63629931,0.0497870893072024,329.031771847285,17.2398564842948
15,0.03,0.71,0.9,207924.556574307,136467.547761946,921.628019306787,26.2007710538288,2691153.81540639,6963506.251467,0.027642936488414,336.509430549391,9.56655653102924
15,0.03,0.71,0.98,196107.473518044,187835.014538563,925.673579762892,8.61519525293491,2702966.85290219,6912156.37026618,0.00922112679004301,337.986565810926,3.14562316672786
15,0.03,0.72,0,618921.308189789,47745.3580603551,746.689040537591,57.6017259843285,2180332.00276967,7152197.04021366,0.0716180371352785,272.634835926288,21.0318302000279
15,0.03,0.72,0.3,366842.375807013,56515.6259200245,832.987886816941,54.5992377967582,2432324.63630617,7143429.77484218,0.0615142291755542,304.144702174035,19.9355467005413
15,0.03,0.72,0.6,259945.916617295,77701.0413503252,869.583731780163,47.3464424717236,2539184.49965093,7122251.6122072,0.0516358211358385,317.506760066232,17.2873698074881
15,0.03,0.72,0.9,200971.876810698,139900.360998841,889.77340726521,26.052598082353,2598138.34978204,7060073.58640308,0.028447104504819,324.87851532771,9.51245487481916
15,0.03,0.72,0.98,189383.718542652,191202.942784185,893.740596188259,8.48923555900562,2609722.54086116,7008788.56798026,0.00940917187648883,326.327035183238,3.09963213348193
15,0.03,0.73,0,616649.537366234,50017.1291419279,713.231940014801,57.8510351345339,2082637.23069375,7249925.01982294,0.0750256937307297,260.418812097904,21.1228592034967
15,0.03,0.73,0.3,358613.753003984,58784.9381448095,801.570093395212,54.8493877230221,2340584.67690262,7241160.21246747,0.0640450023992972,292.673280350927,20.0268826923684
15,0.03,0.73,0.6,252060.817911543,80433.7279835709,838.04833020623,47.437956677863,2447101.13375825,7219518.83405975,0.0535727739441237,305.99239656655,17.3207839320047
15,0.03,0.73,0.9,194004.330478931,143417.236413456,857.923885331744,25.8756465497301,2505137.74563574,7156556.88793999,0.029277732807399,313.249458631753,9.4478454464702
15,0.03,0.73,0.98,182657.235069163,194599.699396008,861.808546710664,8.35340651533482,2516480.95638413,7105391.94719748,0.00959982964592485,314.667845617731,3.05003755391163
15,0.03,0.74,0,614221.592243135,52445.0744146062,679.828283634059,58.0468765256773,1985098.57947323,7347496.87870887,0.0786676116229624,248.222302061886,21.1943657914379
15,0.03,0.74,0.3,350161.293404545,61173.9162942645,770.228928958423,55.058570115369,2249068.4776665,7338771.02513562,0.0667144118590921,281.229837685944,20.1032604133741
15,0.03,0.74,0.6,244089.038116115,83287.0871458521,806.542610457171,47.4881592216792,2355104.41927343,7316665.42469493,0.055604740376669,294.488870643174,17.3391141358156
15,0.03,0.74,0.9,187021.857253769,147022.058805863,826.079473926603,25.668586511115,2412152.0632723,7252952.27260763,0.0301363603903292,301.622267917451,9.37224264987087
15,0.03,0.74,0.98,175928.020384659,198025.863828719,829.877432255145,8.20750974874634,2423242.10218309,7201965.92866153,0.00979317171493606,303.00899745216,2.99676699701101
15,0.03,0.75,0,611620.795150904,55045.8715635813,646.483805642309,58.1835425078078,1887732.72104345,7444895.94489391,0.0825688073394495,236.047399535148,21.2442659581633
15,0.03,0.75,0.3,341475.584019841,63692.3145110246,738.96761818515,55.2234458084902,2157785.44836197,7436252.46204317,0.0695342069587079,269.815551589853,20.163460650825
15,0.03,0.75,0.6,236029.060792269,86269.8000169141,775.067076585801,47.4940771749294,2263195.87213115,7413682.70590591,0.0577392658986965,282.996366338391,17.3412749284961
15,0.03,0.75,0.9,180024.395787229,150719.001134811,794.240193210932,25.4299893422275,2319181.36401956,7349255.56887585,0.0310246607519827,289.996950546142,9.28512485858081
15,0.03,0.75,0.98,169196.071745857,201482.036236897,797.947253765305,8.05133979294902,2330005.98100038,7298509.91242331,0.00998927275717027,291.350491031057,2.93974544190051
15,0.03,0.76,0,608828.006098726,57838.660579379,613.205069961681,58.2544816463597,1790558.78883131,7542103.08493897,0.0867579908675799,223.896501169759,21.2701676111271
15,0.03,0.76,0.3,332546.653288759,66351.0010865918,707.789573124022,55.3402939412494,2066745.55713812,7533593.65861947,0.0725175311956648,258.431667886909,20.2061248252987
15,0.03,0.76,0.6,227879.325307786,89391.4598348785,743.622278036077,47.4524272773649,2171377.05241418,7510561.08773785,0.0599847611845498,271.515084267923,17.3260675096479
15,0.03,0.76,0.9,173011.883644129,154512.555154896,762.406064995219,25.1583172985228,2226225.71029088,7445462.28652781,0.0319444579568853,278.373514481379,9.18593060362312
15,0.03,0.76,0.98,162461.386379322,204968.838621445,766.018012197966,7.88468370826263,2236772.59560848,7395023.27669485,0.0101882106755421,279.692326703782,2.87889513897939
15,0.03,0.77,0,605821.151156994,60845.5156162024,579.999605067249,58.2521342480585,1693598.84923794,7639096.23224955,0.0912682734097195,211.772355800179,21.2693105173224
15,0.03,0.77,0.3,323363.925419705,69162.127675098,676.698414304516,55.4049543910714,1975959.37616599,7630782.46737051,0.0756791414439032,247.079508522936,20.2297339720399
15,0.03,0.77,0.6,219638.225837619,92662.7029346505,712.208755658346,47.3595676756106,2079649.56540672,7607289.93749767,0.0623506355132562,260.045221909754,17.2921621475573
15,0.03,0.77,0.9,165984.257231752,158407.566463665,730.577111692009,24.8519115186194,2133285.16565656,7541567.58162482,0.03289774519517,266.751967906545,9.07405419323593
15,0.03,0.77,0.98,155723.961478973,208486.915972013,734.08970849517,7.70732069396472,2143541.94881253,7491505.37670729,0.0103900668116583,268.034504814299,2.81413546838387
15,0.03,0.78,0,602574.636817969,64092.0295524567,546.876186452961,58.1677398318149,1596878.48699558,7735849.80270771,0.0961380443714051,199.678167578637,21.2384960060914
15,0.03,0.78,0.3,313916.169128215,72139.3314791959,645.697987410879,55.412758530466,1885438.13288437,7727805.25576227,0.0790356713989118,235.760477653397,20.2325834584364
15,0.03,0.78,0.6,211304.1087523,96095.3640623426,680.827074806923,47.2114466004087,1988015.06417289,7703857.42449106,0.0648474568476772,248.586985688878,17.2380794399742
15,0.03,0.78,0.9,158941.451708292,162409.27459337,698.753354469886,24.5089782299873,2040359.79493724,7637566.2164284,0.0338867062777865,255.132318550817,8.94884067622411
15,0.03,0.78,0.98,148983.794205445,212036.937362767,702.162343646752,7.5190216620916,2050314.04345091,7587955.54361557,0.0105949261593186,256.37702572402,2.7453827843712
15,0.03,0.79,0,599058.622242018,67608.0445101707,513.845041820973,57.9910832912241,1500427.53271616,7832333.96440654,0.101412066752246,187.617670894883,21.1739942867082
15,0.03,0.79,0.3,304191.440521087,75297.9784967653,614.79238414598,55.3584460738132,1795193.76709477,7824646.66305716,0.0826059501495462,224.476069261301,20.2127526227011
15,0.03,0.79,0.6,202875.268001267,99702.6617970252,649.477826072514,47.0035392050876,1896475.25417266,7800250.33466377,0.067487145454858,237.140591244727,17.1621672522576
15,0.03,0.79,0.9,151883.400878719,166523.35914512,666.934816672908,24.1275730464438,1947449.66430461,7733452.51328183,0.0349137406482825,243.514574937696,8.80958010858279
15,0.03,0.79,0.98,142240.881684511,215619.597687526,670.235918631265,7.31954875298723,1957088.88239686,7684373.08276372,0.0108028775581206,244.719889790241,2.67255023843446
15,0.03,0.8,0,595238.095135346,71428.5714162416,480.91814863858,57.7101778366296,1404280.98671601,7928513.71840592,0.107142857142857,175.595239021662,21.0714286825994
15,0.03,0.8,0.3,294177.018629338,78655.4582511207,583.985960164435,55.2360638510258,1705238.9954105,7921289.30568503,0.0864113903711331,213.227873705039,20.1680678136058
15,0.03,0.8,0.6,194349.943264669,103499.421920808,618.161611539179,46.7307698985586,1805031.89512379,7896453.84730929,0.0702832085359585,225.706258413243,17.0625723592112
15,0.03,0.8,0.9,144810.037106774,170755.993233484,635.121520938199,23.7055825993391,1854554.84137229,7829220.30118392,0.0359814926739552,231.89874533256,8.65550084658367
15,0.03,0.8,0.98,135495.221005279,219235.618669754,638.310434440163,7.10865485855369,1863866.46856028,7780757.27267539,0.0110140139583997,233.063097374965,2.59554760522941
15,0.03,0.81,0,591071.706355198,75594.9603391121,448.109648869765,57.3108656186067,1308480.18399593,8024347.72879527,0.113392440503966,163.616035543573,20.9256298089938
15,0.03,0.81,0.3,283859.332818013,82231.543765397,553.283354773591,55.0388419905703,1615587.38382721,8017713.41739261,0.090476465076135,202.017584911707,20.096057181807
15,0.03,0.81,0.6,185726.315513617,107502.34779822,586.879042541055,46.3874193954584,1713686.80544384,7992451.26478238,0.07325102809583,214.284210407803,16.9372065067668
15,0.03,0.81,0.9,137721.291161486,175113.905478587,603.313491648328,23.2407033667801,1761675.39534687,7924862.85381805,0.0370928860610688,220.284838638096,8.48576181679559
15,0.03,0.81,0.98,128746.80921905,222885.750690867,606.385892085463,6.88608310006306,1770646.80488886,7877107.36322603,0.0112284326998309,221.406648847705,2.51428109191052
15,0.03,0.82,0,586510.26400135,80156.4027468512,415.436400947057,56.7763081294311,1213074.2995977,8119786.82094502,0.120234604105572,151.686215895794,20.7304495057586
15,0.03,0.82,0.3,273223.879980818,86048.8349637982,522.689530666242,54.759043104549,1526253.43048852,8113896.4059931,0.0948292983857723,190.847014884512,19.9938956135485
15,0.03,0.82,0.6,177002.501883778,111730.350808074,555.63077718777,45.9670145155341,1622441.86733903,8088223.68217741,0.0764082168343532,202.874687520685,16.7837061749844
15,0.03,0.82,0.9,130617.092101183,179604.452609719,571.510752521928,22.7304167749395,1668811.39714629,8020372.81697351,0.0382511645933841,208.672863514569,8.29944342494978
15,0.03,0.82,0.98,121995.643336945,226570.774376977,574.462292590768,6.65156623009945,1677429.89437046,7973422.57405679,0.0114462357576467,209.750544582204,2.42865311976506
15,0.03,0.83,0,581494.783396163,85171.882979791,382.918593968356,56.0863117047769,1118122.29800987,8214772.03070851,0.127757824525398,139.813151622696,20.4785145612067
15,0.03,0.83,0.3,262255.128724178,90133.3099201978,492.209812537775,54.3877744179766,1437252.66146328,8209812.30230538,0.0995024049061149,179.718107802855,19.8583361343637
15,0.03,0.83,0.6,168176.551663677,116204.957848573,524.417477273829,45.4621850122065,1531299.03085905,8183749.57996641,0.0797750613345946,191.477931389607,16.5993803025819
15,0.03,0.83,0.9,123497.367093024,184235.704590555,539.713328575881,22.1719600845508,1575962.9195784,8115742.12344936,0.0394599405466017,197.062829096269,8.0955369258716
15,0.03,0.83,0.98,115241.720328682,230291.502383794,542.539636999489,6.40482603194801,1584215.74003432,8069702.09279017,0.0116675300750437,198.094784959438,2.33856210491502
15,0.03,0.84,0,575953.923732835,90712.7429879215,350.580653003042,55.2164528479792,1023695.49561416,8309232.04055923,0.136069114470842,128.005760927736,20.1609073461184
15,0.03,0.84,0.3,250936.410472251,94515.0176519001,461.849912116619,53.9147493419037,1348601.73961563,8305431.06759876,0.104533624287944,168.63294916158,19.6856228534626
15,0.03,0.84,0.6,159246.439121487,120950.818412051,493.239835565854,44.8644921076361,1440260.32104295,8279004.31709584,0.0833750813742923,180.094194960982,16.3811476808006
15,0.03,0.84,0.9,116362.041238877,189016.545396773,507.921245768969,21.5622918901939,1483130.03751535,8210961.89231134,0.0407232526728223,185.454744861395,7.87293182640705
15,0.03,0.84,0.98,108485.037120154,234048.781456113,510.617926352443,6.14557264429049,1491004.34495349,8165945.07297124,0.0118924278828164,186.439370359436,2.24390221174657
15,0.03,0.85,0,569800.569803566,96866.0968666062,318.452384516224,54.1369053677581,929880.977811918,8403079.76622803,0.145299145299145,116.274926896486,19.7667375724027
15,0.03,0.85,0.3,239249.791545281,99228.9585188475,431.615956500967,53.3279841053945,1260318.59249822,8400717.71349704,0.10996731712683,157.593776117416,19.4713801964822
15,0.03,0.85,0.6,150210.056373374,125996.34274721,462.098579362417,44.1642101792595,1349327.84504726,8373959.49304261,0.0872357421710604,168.723743789702,16.1254572417021
15,0.03,0.85,0.9,109211.037345758,193956.79291212,476.13453017035,20.8980510410641,1390312.82812407,8306022.30903684,0.0420456361032298,173.848620328449,7.63040088636854
15,0.03,0.85,0.98,101725.590591381,237843.494231963,478.69716172749,5.87350385610609,1397795.71224689,8262150.63226418,0.0121210470902779,174.78430117575,2.14456309546074
15,0.03,0.86,0,562927.221927688,103739.445183817,286.570621868663,52.8108717443678,836786.207450444,8496207.74394444,0.155609167671894,104.634098309796,19.2825695456623
15,0.03,0.86,0.3,227175.92184633,104316.21747789,401.514577823433,52.6134142323601,1172422.56357585,8495631.16910788,0.115855915408747,146.603010227781,19.2104728715905
15,0.03,0.86,0.6,141065.205661671,131374.514844538,430.994452641528,43.3500463405729,1258503.79988569,8468582.13510912,0.0913893729843986,157.366849520738,15.8281856701017
15,0.03,0.86,0.9,102044.27568257,199067.342647685,444.353209319021,20.1755074840695,1297511.37110811,8400912.48184483,0.0434322072118993,162.244465552608,7.36658217012089
15,0.03,0.86,0.98,94963.3775743316,241676.56194849,446.777344206312,5.58830429620147,1304589.84508146,8358317.84974721,0.012353511622071,163.12957780333,2.04042960615056
15,0.03,0.87,0,555199.657946406,111467.00824924,254.981269719068,51.1923933820591,744545.360783875,8588481.79935738,0.167200512491992,93.1000361061748,18.6916226336243
15,0.03,0.87,0.3,214693.855638084,109825.444100662,371.552940024916,51.7543837815499,1084934.59142189,8590122.80151556,0.122261961631478,135.663267226597,18.8968193782384
15,0.03,0.87,0.6,131809.587881441,137123.941391356,399.928249042588,42.4087843255573,1167790.48386952,8562833.64982432,0.0958743698275465,146.023801931675,15.4845073768691
15,0.03,0.87,0.9,94861.6736796796,204360.341360446,412.577311277655,19.3905027863873,1204725.74900904,8495620.26813677,0.044888767530982,150.642290780254,7.07995732987965
15,0.03,0.87,0.98,88198.394850245,245548.946685678,414.858474888025,5.28964462653822,1211386.74667487,8454445.7636697,0.0125899519261204,151.47520064349,1.93138149426477
15,0.03,0.88,0,546448.085700216,120218.578854048,223.742567120094,49.2233647664207,653328.171732664,8679732.19778118,0.180327868852459,81.6940048197243,17.9726810603393
15,0.03,0.88,0.3,201780.836011604,115814.816889986,341.73884205955,50.7309764224203,997877.425146337,8684134.45213359,0.129260834931568,124.777394706993,18.5231477662362
15,0.03,0.88,0.6,122440.79028942,143290.226088172,368.900789049314,41.3248111452951,1077190.30892153,8656668.44910068,0.100736792451984,134.694900601631,15.0887216694259
15,0.03,0.88,0.9,87663.1455748396,209849.398573933,380.806865580865,18.5383777584127,1111956.04755958,8590132.06304831,0.0464219320690964,139.042106795213,6.76882517904043
15,0.03,0.88,0.98,81430.6391471852,249461.653920509,382.940554896133,4.97718058566487,1118186.42029792,8550533.36889891,0.0128305053634198,139.821170106451,1.81729306134088
15,0.03,0.89,0,536454.517044865,130212.141864526,192.928869797383,46.8290983962739,563352.554085338,8769741.02903707,0.195318215069495,70.4431535847696,17.0984745519395
15,0.03,0.89,0.3,188412.027953013,122354.698155572,312.08078589271,49.5191038599213,911275.891261094,8777595.78274057,0.13694446614405,113.948496949076,18.0806627968538
15,0.03,0.89,0.6,112956.270113252,149927.800974772,337.912949160407,40.0794927754372,986705.816937588,8750032.11953245,0.106032524275287,123.380465562194,14.6340247996315
15,0.03,0.89,0.9,80448.6019936711,215549.846645737,349.041902775549,17.613883382357,1019202.35610355,8684432.53947088,0.0480392892934501,127.443924750922,6.43126916998311
15,0.03,0.89,0.98,74660.1071371163,253415.735702288,351.023585369744,4.65055202189635,1024988.86927751,8646579.61374569,0.0130753167941911,128.167486608128,1.69803280699491
15,0.03,0.9,0,524934.3971111,141732.287219997,162.637678869556,43.91217329478,474902.965210031,8858223.80060672,0.21259842519685,59.3830824972465,16.0334322742565
15,0.03,0.9,0.3,174560.188612023,129531.299437496,282.588092517042,48.0892508213159,825157.22329546,8870420.61131168,0.145426506502775,103.179977280285,17.558587706133
15,0.03,0.9,0.6,103353.334692808,157102.413538605,306.965651078201,38.6503206664473,896339.699656113,8842858.93614073,0.111830250411585,112.080833349928,14.1121983333366
15,0.03,0.9,0.9,73217.949441963,221479.063862341,317.28245483464,16.6110702307565,926464.768103202,8778504.32506743,0.0497496027438779,115.847756321498,6.06511701800498
15,0.03,0.9,0.98,67886.7954327166,257412.293676238,319.107567465525,4.30938177786364,931794.096999818,8742583.39694199,0.0133245390754725,116.51415057085,1.57346302164246
15,0.03,0.905,0,518488.238547519,148178.480805949,147.727376689257,42.2189292327718,431364.034075791,8901779.30026482,0.222267703643062,53.9389584136649,15.4151865361158
15,0.03,0.905,0.3,167443.858548361,133390.877518691,267.906930031294,47.2814524880587,782288.234521608,8916561.84102882,0.150010137144429,97.8195178276761,17.2636403397024
15,0.03,0.905,0.6,98506.5723802636,160915.571999331,291.507507195875,37.8584142850984,851201.92011254,8889046.56958638,0.114943325389799,106.436678564894,13.8230535158466
15,0.03,0.905,0.9,69596.5518091588,224535.548794375,301.404809387901,16.0782099291819,880102.043381453,8825448.3729957,0.0506427397716158,110.050431027757,5.87055640039254
15,0.03,0.905,0.98,64499.0961195821,259426.859933057,303.149915741977,4.13322073207694,885197.753964676,8790569.00684621,0.013450854412331,110.68761298529,1.50914221979959
15,0.03,0.91,0,511508.90145978,155157.700109467,133.000071159163,40.3433549182794,388358.09846906,8944801.95653562,0.232736572890026,48.5616509819893,14.7303674645367
15,0.03,0.91,0.3,160195.244150109,137451.86573248,253.271060789802,46.4047027016893,739551.484789101,8962501.72956482,0.1548497020948,92.4755960708765,16.9435170739543
15,0.03,0.91,0.6,93629.114689295,164894.580349588,276.059872576273,37.0097295390319,806094.825438128,8935068.40992087,0.118215659677496,100.796360974412,13.513177497939
15,0.03,0.91,0.9,65971.0896865649,227656.880230191,285.528555402067,15.5231495252631,833743.381758033,8872327.59662028,0.0515630679753505,104.25361379118,5.66788997041169
15,0.03,0.91,0.98,61110.7005840882,261452.482619336,287.192502367386,3.95327452249863,838602.106913544,8838543.56410614,0.0135783337293393,104.861162426892,1.44343936002731
15,0.03,0.915,0,503927.751508642,162739.020928379,118.47589684241,38.260745509696,345953.772594515,8987222.7183261,0.244108492663406,43.2585118345851,13.9699547042278
15,0.03,0.915,0.3,152810.053388405,141732.18904579,238.681940049921,45.4528623878809,696951.264671545,9008222.35809182,0.159969359606452,87.1487433607274,16.595976379375
15,0.03,0.915,0.6,88720.5696171056,169052.615080186,260.622879352177,36.0997552143786,761018.807503542,8980911.2851646,0.121661615963717,95.1599288234636,13.18092312265
15,0.03,0.915,0.9,62341.5499299815,230846.004556776,269.653697396022,14.9448803230429,787388.796372622,8919139.0505629,0.0525121398807391,98.4573062617225,5.45674942795105
15,0.03,0.915,0.98,57721.6083846458,263489.31501445,271.235327496296,3.76949068483422,792007.156287857,8886506.91549486,0.0137069986982972,99.0347989520852,1.37633528630009
15,0.03,0.92,0,495662.878051263,171003.692927685,104.186672991076,35.9444021819211,304232.935275746,9028960.36267013,0.256505576208178,38.0411589758665,13.1241998466739
15,0.03,0.92,0.3,145283.739025994,146252.220887688,224.141137691166,44.4189591192494,654492.119836315,9053703.36015319,0.165396719940141,81.839532899487,16.2184724484159
15,0.03,0.92,0.6,83780.5291148721,173404.506595173,245.19666956301,35.1234144265511,715974.274215565,9026560.3699904,0.125297531046184,89.527433974194,12.8244366924945
15,0.03,0.92,0.9,58707.9189929992,234106.093681705,253.780239996967,14.3423164269898,741038.300767004,8965879.56400187,0.0534916443371205,92.6615101288926,5.23673828540466
15,0.03,0.92,0.98,54331.8190752431,265537.514214871,255.278391278743,3.58181544151635,745412.902533478,8934458.90396969,0.0138368715952819,93.208522615651,1.30781036308366
15,0.03,0.925,0,486617.65146538,180048.531042191,90.1676809905399,33.3620419664998,263292.180853629,9069918.10691584,0.27007299270073,32.9224745216709,12.1813155730182
15,0.03,0.925,0.3,137611.469071179,151035.259105699,209.650301991163,43.2950158146418,612178.880626829,9098921.44587849,0.171163539179962,76.5485665145232,15.8080926493211
15,0.03,0.925,0.6,78808.5672126984,177967.036872375,229.781387170943,34.0749616500464,670961.65140013,9071998.88816597,0.12914209494032,83.8989289907906,12.4416203724732
15,0.03,0.925,0.9,55070.1828932544,237440.570137399,237.908187992559,13.7142861424678,694691.908918753,9012545.71557646,0.0545034229935612,86.8662271407831,5.00742872776855
15,0.03,0.925,0.98,50941.3322053863,267597.241175351,239.321693869858,3.39019365744791,698819.346100743,8982399.36863099,0.0139679753306953,87.3823334742318,1.23784445917567
15,0.03,0.93,0,476677.509358232,189990.035872781,76.4528991606854,30.4719412369018,223246.037742608,9109979.49218597,0.284984678243105,27.9148648060453,11.1260675441238
15,0.03,0.93,0.3,129788.092542504,156108.126634562,195.21119755907,42.0718498880562,570016.696259937,9143849.80151555,0.177306597924705,71.2764885087555,15.3614841903765
15,0.03,0.93,0.6,73804.2375973714,182759.308917669,214.377186620983,32.9478572581443,625981.385216007,9117207.74322507,0.133216825685662,78.2744702649863,12.0300863813799
15,0.03,0.93,0.9,51428.3271719428,240853.13577068,222.037546328285,13.0595221349162,648349.635281728,9059133.80470719,0.0555494894950608,81.071459103115,4.76835801951127
15,0.03,0.93,0.98,47550.1473199683,269668.661147782,223.365235426214,3.19456881176077,652226.487444605,9030328.14428341,0.0141003335631648,81.5562315849963,1.16641693739415
15,0.03,0.935,0,465700.169347355,200967.534618359,63.088317978394,27.2250356814454,184236.742334666,9149005.24034595,0.301450832885546,23.0351221018611,9.94054115318778
15,0.03,0.935,0.3,121808.097733236,161501.938694952,180.825710969386,40.7388090249179,528011.076555794,9188457.32249602,0.183868829837761,66.0239877176972,14.8747576452231
15,0.03,0.935,0.6,68767.0712986744,187803.211004026,198.984226802861,31.7346075493192,581033.944474522,9162165.05438843,0.137546670771048,72.6541158113945,11.5870985814452
15,0.03,0.935,0.9,47782.3368486807,244347.805118545,206.168320143681,12.3766500455808,602011.494831175,9105639.81823141,0.056632051677339,75.2772078924616,4.51902434789269
15,0.03,0.935,0.98,44158.263959028,271751.943469075,207.409016104656,2.99488290218302,605634.327024867,9078245.06164802,0.0142339705505442,75.7302170052125,1.09350661965957
15,0.03,0.94,0,453516.298241355,213152.660173437,50.1430137082675,23.5672164428858,146433.558744937,9186823.77261014,0.319727891156463,18.3084678802311,8.60497990370866
15,0.03,0.94,0.3,113665.561530395,167253.096632995,166.495871767208,39.2834317215698,486167.942597837,9232707.61993528,0.190900790582723,60.7918051790018,14.3433630073382
15,0.03,0.94,0.6,63696.5729181838,193124.006142222,183.602679624645,30.4265641453639,536119.824402191,9206845.56729363,0.14216077957113,67.0379283979486,11.109499233576
15,0.03,0.94,0.9,44132.1963711458,247928.943702576,190.30051476772,11.6641753369933,555677.503114086,9152059.39212209,0.0577535376651521,69.4834754545636,4.25888201991968
15,0.03,0.94,0.98,40765.6816577061,273847.261780275,191.453036063464,2.79107644848577,559042.86530623,9126149.94714328,0.0143689114300134,69.9042897926724,1.01909178825337
15,0.03,0.945,0,439909.632621045,226753.419723806,37.7010487526322,19.4331769479519,110052.666330045,9223227.14709941,0.340131973605328,13.7655954258048,7.09553873312094
15,0.03,0.945,0.3,105354.087058535,173404.595717044,152.223868594534,37.6909983234758,444493.68907287,9276557.71328463,0.19846260029631,55.5807400205792,13.7619257628591
15,0.03,0.945,0.6,58592.2168228677,198751.091421922,168.232722557669,29.0136626151322,491239.550454574,9251219.89491546,0.147093507390334,61.4259728238691,10.5936135623502
15,0.03,0.945,0.9,40477.8895550217,251601.313013783,174.434135724788,10.9204679109866,509347.676309253,9198387.76651831,0.0589166262762238,63.6902638065134,3.98733584599897
15,0.03,0.945,0.98,37372.3999460554,275954.794638597,175.497295465173,2.58308836754192,512452.102758479,9174042.62227304,0.0145051819405804,64.0784500067213,0.943150140198744
15,0.03,0.95,0,424632.176924117,242040.340846873,25.7921346154501,14.7015167308143,75342.0309412909,9257944.95763668,0.363057324840885,9.41735315146594,5.36789129633839
15,0.03,0.95,0.3,96866.7246126582,180007.776432644,138.012077433717,35.9439316567139,402995.263309908,9319956.2796357,0.206626559465551,50.391659772986,13.1240280461577
15,0.03,0.95,0.6,53453.4420357866,204718.990590917,152.874548999784,27.4840839925852,446393.683415213,9295253.52532509,0.152385741323222,55.8183197035463,10.0351261677927
15,0.03,0.95,0.9,36819.3995175944,255370.122981421,158.56918879908,10.143744168706,463022.031293606,9244619.73327441,0.0601242832441473,57.8975750602639,3.70373458959877
15,0.03,0.95,0.98,33978.4183488393,278074.725078808,159.541794471131,2.37085598235031,465862.039856689,9221922.90406521,0.0146428087966571,58.2526977062719,0.865658790555656
15,0.03,0.955,0,407332.608242989,259335.093914749,14.5708443756555,9.27677091916891,42652.8209125139,9290655.62931161,0.389002036659919,5.32017955266271,3.38718098186251
15,0.03,0.955,0.3,88195.8710535596,187124.71814159,123.863104936371,34.0209798124031,361680.265841504,9362841.2608786,0.215480742511428,45.2255161898925,12.4219102540037
15,0.03,0.955,0.6,48279.6455084477,211068.673723403,137.528365191055,25.8238022305026,401582.826126362,9338905.50247437,0.158086682522307,50.215044340384,9.42891578941225
15,0.03,0.955,0.9,33156.708598762,259241.093768446,142.705680039598,9.33204581409474,416700.585721199,9290749.57418574,0.0613798040038764,52.1054114244581,3.40736322787134
15,0.03,0.955,0.98,30583.7363854321,280207.24122664,143.586533246949,2.15431489488049,419272.677081321,9269790.60445847,0.0147818193893313,52.4270329517922,0.786594225993237
15,0.03,0.96,0,387600.219627903,279072.158132013,4.26955360969127,3.07407859897691,12395.5108185402,9320924.76779109,0.418604651162727,1.55892076173825,1.12242294845125
15,0.03,0.96,0.3,79333.1376682932,194831.587144785,109.77982263836,31.8960673718941,320557.082509069,9405136.51678784,0.225134053292945,40.0833577408314,11.6460515991628
15,0.03,0.96,0.6,43070.1739029532,217849.346070257,122.194394222332,24.015971862866,356807.631702825,9382126.63795788,0.164256287060192,44.6162281904289,8.76883172642897
15,0.03,0.96,0.9,29489.798269963,263220.529096671,126.843615791596,8.48321475275292,370383.358114246,9336770.98768857,0.0626868649670532,46.3137752159066,3.09743378659891
15,0.03,0.96,0.98,27188.3535695874,282352.53624156,127.631511958435,1.93339896360604,372684.014918454,9317645.53035948,0.0149222420626627,46.6014558038237,0.705932296586655
15,0.03,0.965,0,349999.987178892,289499.989395217,9.90051236373488e-25,8.18913379614506e-25,0.0128211079810927,9360500.01060478,0.452697290138671,3.6149245768087e-25,2.99005747731746e-25
15,0.03,0.965,0.3,70269.1740188126,203223.449012407,95.7654309372979,29.5366484901081,279635.06055025,9446747.0143391,0.235723530088902,34.9663529709809,10.7845687799507
15,0.03,0.965,0.6,37824.3123419263,225120.926927548,106.872881679916,22.0400797768361,312068.814776394,9424857.03299267,0.170968687149663,39.0219609233794,8.04738412851728
15,0.03,0.965,0.9,25818.6490277868,267315.403970323,110.983002729922,7.5948631226534,324070.367969484,9382677.00116655,0.0640495852075451,40.5226688717629,2.77307439765882
15,0.03,0.965,0.98,23792.2694092559,284510.808720855,111.676730774211,1.7080402179764,326096.05385997,9365487.48323893,0.0150641060790614,40.7759663239339,0.623648184588633
15,0.03,0.97,0,299999.989010939,290999.989340717,6.66223493951498e-18,6.46235875723865e-18,0.0109890607463627,9409000.01065929,0.492385433526762,2.43254853229041e-18,2.35956874123676e-18
15,0.03,0.97,0.3,60993.4233551251,212421.40975814,81.8235457957979,26.9012634240389,238924.753099079,9487551.68897844,0.247425252958096,29.8758221586907,9.82232380770219
15,0.03,0.97,0.6,32541.2693941729,232957.574171739,91.5640983231684,19.8707380822662,267367.166507504,9467022.55509018,0.178317110907493,33.4323414002469,7.25530324228744
15,0.03,0.97,0.9,22143.2402672664,271533.469633591,95.1238479064764,6.66433727626097,277761.635884827,9428459.86602913,0.0654726014055234,34.7320949668522,2.43331614799479
15,0.03,0.97,0.98,20395.4834064354,286682.262680044,95.7221898642792,1.47816878351522,279508.794403701,9413316.25915117,0.0152074416604919,34.9505645741949,0.539716377080996
15,0.03,0.975,0,249999.990841326,292499.989284458,1.47481967911979e-10,1.72553608966526e-10,0.0091587999956148,9457500.01071612,0.539170084306072,5.38493535338576e-11,6.30036364738984e-11
15,0.03,0.975,0.3,51493.7749162777,222583.628558438,67.9583098511564,23.935765393084,198438.266773871,9527392.43567617,0.260471258124818,24.8132778844035,8.7395463391498
15,0.03,0.975,0.6,27220.1560021802,241452.848938254,76.2683476405192,17.4759160967536,222703.575650179,9508529.67514565,0.186421178214504,27.8474804322446,6.38089386482715
15,0.03,0.975,0.9,18463.5501323853,275883.381258244,79.2661588039159,5.68867411154718,231457.183708811,9474110.93006764,0.066961159434071,28.9420562332798,2.07707713497867
15,0.03,0.975,0.98,16997.9950569033,288867.108076241,79.7678894020786,1.24371279118887,232922.237053695,9461131.64821097,0.0153522798897592,29.125250617934,0.454110632882837
15,0.03,0.98,0,199999.992675171,293999.989232608,9.15101548090178e-16,1.34519591652178e-15,0.0073248293558115,9506000.01076739,0.595141098719376,3.34126452746426e-16,4.91164659020016e-16
15,0.03,0.98,0.3,41756.0426573585,233923.114876175,54.1745838339434,20.5672324070476,158189.782758808,9566056.31789142,0.275177048691624,19.7804949223686,7.50961073262327
15,0.03,0.98,0.6,21859.9554066035,250727.560694624,60.9859788431346,14.8142551073756,178079.058614554,9549257.62505027,0.195438118529394,22.2675055250995,5.40905489608053
15,0.03,0.98,0.9,14779.555335723,280374.853866217,63.4099433976605,4.66454767843519,185157.03472088,9519620.4815861,0.0685212273305286,23.1525555830708,1.70314297108865
15,0.03,0.98,0.98,13599.8038500521,291065.560913201,63.8138295618458,1.00459832200526,186336.382320386,9508933.43448848,0.0154986530035164,23.300024518769,0.366803962322172
15,0.03,0.985,0,149999.994507042,295499.989178979,1.77963348553028e-16,3.50586722060547e-16,0.00549295856120186,9554500.01082102,0.663298978758177,6.49788676404245e-17,1.28007976892357e-16
15,0.03,0.985,0.3,31763.1456593444,246738.232825765,40.4782108189847,16.6935182654479,118196.376129837,9603245.07365597,0.291989039561747,14.7796067252818,6.09522085667165
15,0.03,0.985,0.6,16459.4778431974,260942.215551908,45.7173989770433,11.8308060110112,133494.804757826,9589045.95364208,0.205580799843661,16.6925653014929,4.31972304477047
15,0.03,0.985,0.9,11091.2309406893,285018.854844622,47.5552102227461,3.58820328676738,138861.213849088,9564977.55695209,0.0701596362178665,17.3635961325802,1.31014272508094
15,0.03,0.985,0.98,10200.9092686333,293277.843245278,47.8600105207424,0.76074930668823,139751.230720846,9556721.39600541,0.0156465943639785,17.4748863413861,0.27776859060454
15,0.03,0.99,0,99999.9963388774,296999.989126573,4.24779019945594e-17,1.26158864997355e-16,0.00366112266001835,9603000.01087343,0.748110078529933,1.55097439657635e-17,4.60637555821593e-17
15,0.03,0.99,0.3,21493.7207978533,261469.111303708,26.8765074810097,12.1639466104106,78479.4026946658,9638518.72474968,0.311572877250006,9.81328479400367,4.44136100612616
15,0.03,0.99,0.6,11017.2892582723,272317.868759729,30.4630985280354,8.44989065356774,88952.2476431997,9627673.68134962,0.217148330963035,11.1228388500489,3.08526632488392
15,0.03,0.99,0.9,7398.55009485622,289827.843922085,31.7019684716698,2.45537529674994,92569.7479366722,9610169.70070262,0.0718842575522533,11.5751812382184,0.896518905225822
15,0.03,0.99,0.98,6801.31078853392,295504.183852498,31.9064324585358,0.512087425003238,93166.7827790076,9604495.30406008,0.0157961383444671,11.6498361514229,0.186975921054307
15,0.03,0.995,0,49999.9981705144,298499.989078079,5.21689334626681e-18,3.11447103438722e-17,0.00182948564720149,9651500.01092192,0.856527413072224,1.90481818305567e-18,1.13717123643064e-17
15,0.03,0.995,0.3,10919.5414746594,278813.234277589,13.3791363555762,6.73973420504063,39067.0793889851,9671180.0259882,0.334995654191136,4.88505716182978,2.46084545161546
15,0.03,0.995,0.6,5531.59116792408,285173.55976274,15.2236935766836,4.56228610017905,44453.1851384993,9664821.87795116,0.230581764193061,5.5585511171866,1.66580471232787
15,0.03,0.995,0.9,3701.48370022725,294816.076252273,15.8502281066226,1.26118339731604,46282.6660716662,9655182.66256433,0.0737042293106996,5.78731453743059,0.460489587945019
15,0.03,0.995,0.98,3401.00787852449,297744.818441846,15.9530955567799,0.25853202194687,46583.0390259188,9652254.92302613,0.0159473205692265,5.82487401516928,0.0943965045133508
15,0.03,1,0,0,299999.989750773,0,0,0,9700000.01024923,NaN,0,0
15,0.03,1,0.3,0,299999.989758686,0,0,0,9700000.01024131,NaN,0,0
15,0.03,1,0.6,0,299999.989758687,0,0,0,9700000.01024131,NaN,0,0
15,0.03,1,0.9,0,299999.989758695,0,0,0,9700000.01024131,NaN,0,0
15,0.03,1,0.98,0,299999.989750773,0,0,0,9700000.01024923,NaN,0,0
