R0,vaccine_failure,coverage,phi,SU,SV,IU,IV,RU,RV,fV,incidence_U,incidence_V
15,0.03,0,0,666666.666664208,0,3195.25276734683,0,9330138.08056845,0,0,1166.66666667751,0
15,0.03,0,0.0001,666666.666664028,0,3195.25276734054,0,9330138.08056863,0,0,1166.66666667522,0
15,0.03,0,0.001,666666.666664279,0,3195.25276736654,0,9330138.08056836,0,0,1166.66666668471,0
15,0.03,0,0.01,666666.666664029,0,3195.25276734093,0,9330138.08056863,0,0,1166.66666667536,0
15,0.03,0.01,0,666464.707663386,201.959002322238,3161.08705677476,0.957905168719625,9230374.20527984,99797.083092509,0.000302938503483793,1154.19191160489,0.349755124728753
15,0.03,0.01,0.0001,666464.056195508,201.977256758694,3161.08727954185,0.957898919261104,9230374.85652495,99797.064844322,0.0003029365063428,1154.19199294272,0.349752842895211
15,0.03,0.01,0.001,666458.193012735,202.141695752266,3161.08928689214,0.957842623846354,9230380.71770037,99796.9004616239,0.000302918515952977,1154.19272587649,0.3497322880319
15,0.03,0.01,0.01,666399.566730158,203.800979330501,3161.10935745638,0.957274570567297,9230439.32391239,99795.2417460989,0.000302737001450746,1154.20005414126,0.349524877578384
15,0.03,0.02,0,666258.753147125,407.913522334974,3126.92271371469,1.91444247778451,9130614.32413916,199590.172035187,0.000611870283499898,1141.71765584508,0.699010809701068
15,0.03,0.02,0.0001,666257.437772624,407.950327499175,3126.92316405275,1.91442987760455,9130615.63906332,199590.135242623,0.000611866170784435,1141.71782027476,0.699006209060363
15,0.03,0.02,0.001,666245.599679949,408.281874317793,3126.92721689982,1.9143163731023,9130627.47310315,199589.803809309,0.000611829123573359,1141.71930007055,0.698964765728976
15,0.03,0.02,0.01,666127.241605615,411.62734578038,3126.96773654239,1.91317105588769,9130745.79065784,199586.459483164,0.000611455377301731,1141.73409480504,0.698546581780992
15,0.03,0.03,0,666048.683355011,617.983314453103,3092.75977967903,2.8695709295991,9030858.55686531,299379.147114617,0.000926974971675765,1129.24391455531,1.04775208566987
15,0.03,0.03,0.0001,666046.691297331,618.038972792486,3092.76046171851,2.86955187510656,9030860.54824095,299379.091475332,0.000926968617859921,1129.24416358497,1.04774512839828
15,0.03,0.03,0.001,666028.763356871,618.540351652111,3092.76659940249,2.86938022887511,9030878.47004373,299378.590268119,0.000926911383558993,1129.24640460684,1.04768245606802
15,0.03,0.03,0.01,665849.536538218,623.599473820114,3092.82795739533,2.8676482458965,9031057.63550439,299373.532877934,0.000926334049339617,1129.26880794397,1.04705006578296
15,0.03,0.04,0,665834.373702089,832.292967127611,3058.59829718621,3.82324787148276,8931107.02800073,399163.883785001,0.00124843945068664,1116.77070326011,1.39596337907514
15,0.03,0.04,0.0001,665831.691808162,832.367787346079,3058.59921523385,3.82322225677395,8931109.7089766,399163.808990397,0.00124843072267546,1116.77103846226,1.39595402650459
15,0.03,0.04,0.001,665807.555741493,833.04177879991,3058.60747833797,3.82299151700052,8931133.83678017,399163.135229683,0.00124835210289087,1116.77405552815,1.39586977764482
15,0.03,0.04,0.01,665566.290586394,839.842582767762,3058.69007520238,3.82066327201237,8931375.0193384,399156.33675396,0.00124755914289974,1116.80421370827,1.39501967719352
15,0.03,0.05,0,665615.694519043,1050.97214924059,3024.43831053319,4.7754289113682,8831359.86717042,498944.252421848,0.00157645822385707,1104.29803813343,1.74362848126331
15,0.03,0.05,0.0001,665612.30924083,1051.06644638881,3024.43946965747,4.77539662916308,8831363.25128951,498944.158156982,0.00157644698047353,1104.29846135868,1.74361669422317
15,0.03,0.05,0.001,665581.843317316,1051.91588827778,3024.44989951277,4.77510582382647,8831393.70678317,498943.309005898,0.00157634570407089,1104.3022695596,1.74351051392464
15,0.03,0.05,0.01,665277.336331506,1060.48698286791,3024.55414714991,4.77217152255373,8831698.10952134,498934.74084561,0.00157532435285646,1104.34033297811,1.74243912717243
15,0.03,0.06,0,665392.510797736,1274.15587174034,2990.27986617027,5.72606782883668,8731617.20933609,598720.118060431,0.00191123380760246,1091.82593613542,2.09073051600399
15,0.03,0.06,0.0001,665388.408197468,1274.26996734147,2990.28127070036,5.72602876839861,8731621.31053183,598720.00400389,0.00191121989903494,1091.82644896447,2.09071625406154
15,0.03,0.06,0.001,665351.487059493,1275.29775562793,2990.29391054776,5.72567690651511,8731658.21902996,598718.976567465,0.00191109461716845,1091.83106408875,2.09058778049133
15,0.03,0.06,0.01,664982.499550508,1285.66833651764,2990.42023278594,5.72212655342698,8732027.0802167,598708.609536929,0.00190983133214293,1091.87718749597,2.08929145782003
15,0.03,0.07,0,665164.681903765,1501.98476558915,2956.12301199307,6.67511647869404,8631879.19508424,698491.340117932,0.00225297714837464,1079.35441475397,2.43725190428316
15,0.03,0.07,0.0001,665159.847616984,1502.11898770012,2956.1246670343,6.67507052802276,8631884.02771598,698491.205941772,0.00225296041558136,1079.3550190509,2.43723512654431
15,0.03,0.07,0.001,665116.342180082,1503.3280773736,2956.13956097792,6.67465659779768,8631927.51825894,698489.997266029,0.00225280969633632,1079.36045720206,2.43708399027088
15,0.03,0.07,0.01,664681.598848805,1515.52793569369,2956.28839476781,6.67047999460044,8632362.11275643,698477.801584312,0.00225129010443499,1079.4148001396,2.43555900802849
15,0.03,0.08,0,664932.061286667,1734.60537726957,2921.9677983105,7.62252469124479,8532145.97091502,798257.772098039,0.002601908065915,1066.88349235812,2.78317432789075
15,0.03,0.08,0.0001,664926.480518655,1734.76006058921,2921.9697088608,7.6224717355955,8532151.54977249,798257.617467675,0.00260188833998175,1066.8841899478,2.78315499245931
15,0.03,0.08,0.001,664876.257801694,1736.15346642487,2921.98690248023,7.62199470504463,8532201.75529583,798256.22453887,0.00260171066259654,1066.8904677681,2.78298081667942
15,0.03,0.08,0.01,664374.445307745,1750.21299686847,2922.15869743054,7.61718144623105,8532703.39599483,798242.169821685,0.00259991950276803,1066.95319439933,2.78122337555511
15,0.03,0.09,0,664694.496185977,1972.17048318916,2887.81427723721,8.56824016323129,8432417.68953679,898019.261276648,0.00295825572477265,1054.41318797624,3.12847868959982
15,0.03,0.09,0.0001,664688.15368984,1972.34596912959,2887.81644861196,8.56818008597183,8432424.02986155,898019.085850784,0.00295823282621951,1054.41398079944,3.12845675389047
15,0.03,0.09,0.001,664631.076644285,1973.92676636408,2887.83598879344,8.56763890221451,8432481.08736692,898017.505594734,0.00295802657484959,1054.42111540821,3.12825915417107
15,0.03,0.09,0.01,664060.842090784,1989.87697463273,2888.03120774193,8.56217837216177,8433051.12670147,898001.560846995,0.00295594763600849,1054.49239472677,3.12626537813557
15,0.03,0.1,0,664451.827245,2214.83942415,2853.66250349623,9.51220834498744,8332694.5102515,997775.648367505,0.00332225913621262,1041.94352158906,3.47314507196354
15,0.03,0.1,0.0001,664444.707302277,2215.03606090271,2853.66494118158,9.51214102729983,8332701.62775654,997775.45179807,0.00332223287424522,1041.94441164892,3.47312049259285
15,0.03,0.1,0.001,664380.634677936,2216.80738595317,2853.68687611467,9.51153461602525,8332765.67844595,997773.681079431,0.00332199633122801,1041.95242064137,3.47289907667622
15,0.03,0.1,0.01,663740.584001809,2234.67989536611,2853.90599661825,9.50541598940256,8333405.51000157,997755.814688645,0.00331961238526537,1042.03242701524,3.47066501313061
15,0.03,0.11,0,664203.888207469,2462.77846189286,2819.5125339916,10.4543723170475,8232976.59925854,1097526.76716579,0.00369416769282436,1029.47451397368,3.81715269226197
15,0.03,0.11,0.0001,664195.974613061,2462.99660450194,2819.51524325609,10.4542976364624,8232984.51014368,1097526.54909786,0.00369413786452456,1029.47550319388,3.81712542451332
15,0.03,0.11,0.001,664124.760753536,2464.96165541792,2819.53962325838,10.4536249043691,8233055.6996232,1097524.58471968,0.00369386920309992,1029.48440494222,3.81687979320776
15,0.03,0.11,0.01,663413.457060652,2484.78871266575,2819.78313681645,10.4468371400984,8233766.75980253,1097504.76445019,0.00369116193250336,1029.57331783011,3.81440141077843
15,0.03,0.12,0,663950.505510213,2716.16115890541,2785.36442806113,11.3946726602501,8133264.13006173,1197272.44416843,0.00407424173834314,1017.00618679582,4.16047985507381
15,0.03,0.12,0.0001,663941.781556232,2716.40116933617,2785.36741468785,11.3945904930123,8133272.85102908,1197272.20424017,0.00407420812779362,1017.0072772879,4.1604498537611
15,0.03,0.12,0.001,663863.276231506,2718.56320627166,2785.3942909535,11.3938503232334,8133351.32947754,1197270.0429434,0.00407390540422992,1017.0170904844,4.1601795992706
15,0.03,0.12,0.01,663079.23801872,2740.37768599491,2785.66270520746,11.3863821683384,8134135.09927607,1197248.23593184,0.00407085532382312,1017.11509523888,4.15745278921455
15,0.03,0.13,0,663691.497885676,2975.16878362545,2751.2182478886,12.3330473181213,8033557.28386644,1297012.49816906,0.00446275317542053,1004.53856276033,4.50310390202905
15,0.03,0.13,0.0001,663681.946315369,2975.43103069778,2751.22151793253,12.3329575385765,8033566.8321667,1297012.23601176,0.00446271555275716,1004.53975673511,4.50307112127276
15,0.03,0.13,0.001,663595.994543944,2977.79337627862,2751.25094323792,12.3321487923877,8033652.75451282,1297009.87447493,0.00446237669782806,1004.55050064975,4.50277582782054
15,0.03,0.13,0.01,662737.693848721,3001.62878443333,2751.54478121505,12.323988775957,8034510.76137006,1296986.04722679,0.00445896307008712,1004.65778824114,4.4997964018213
15,0.03,0.14,0,663426.675926488,3239.9907428968,2717.07405823374,13.2694314471881,7933856.25001528,1396746.73982566,0.00485998611432539,992.071665512596,4.84500115715454
15,0.03,0.14,0.0001,663416.278944241,3240.2756024325,2717.0776177047,13.2693339263388,7933866.64343805,1396746.45506364,0.00485994423471056,992.072965164428,4.84496554985445
15,0.03,0.14,0.001,663322.720743452,3242.84164170144,2717.10964716797,13.2684554463848,7933960.16960938,1396743.88990285,0.00485956704446179,992.084659922206,4.84464479486126
15,0.03,0.14,0.01,662388.581205995,3268.7321175035,2717.42944840843,13.2595918803603,7934893.9893456,1396718.00829062,0.00485576778781006,992.201427350129,4.84140848531655
15,0.03,0.15,0,663155.841623764,3510.82504389052,2682.93192671141,14.2037572590604,7834161.22644952,1496474.97119885,0.00526623756582797,979.605519740505,5.18614686921444
15,0.03,0.15,0.0001,663144.5808563,3511.13289865437,2682.935781815,14.2036518654226,7834172.48336188,1496474.66344948,0.00526619116833747,979.606927335203,5.18610838736242
15,0.03,0.15,0.001,663043.251073495,3513.90607923206,2682.97047212801,14.2027024723081,7834273.77845438,1496471.8912183,0.00526577329407584,979.619593635741,5.18576174020151
15,0.03,0.15,0.01,662031.645866495,3541.88639526551,2683.31679363837,14.1931234526468,7835285.03733987,1496443.92048128,0.00526156488349545,979.746044277211,5.18226420064768
15,0.03,0.16,0,662878.787881101,3787.878787892,2648.79192474005,15.1359538556574,7734472.42019416,1596196.98525825,0.00568181818181818,967.140151520712,5.52651515154692
15,0.03,0.16,0.0001,662866.644337864,3788.21002748319,2648.79608200111,15.1358404559173,7734484.55958013,1596196.65413206,0.00568176698823335,967.141669440655,5.52647374646682
15,0.03,0.16,0.001,662757.372413704,3791.1938592967,2648.83349121805,15.1348189463192,7734593.79409508,1596193.67132176,0.00568130592566447,967.155328480992,5.5261007677748
15,0.03,0.16,0.01,661666.622087657,3821.2994197615,2649.20690786949,15.1245123519652,7735684.17100447,1596163.57606789,0.00567666328489573,967.291672235848,5.52233757251131
15,0.03,0.17,0,662595.297970825,4071.36869837495,2614.65412597298,16.0659470391111,7634790.0479032,1695912.56535459,0.00610705304753922,954.675587745885,5.86607891265544
15,0.03,0.17,0.0001,662582.252045089,4071.72371931999,2614.65859226103,16.0658254984331,7634803.08936265,1695912.21045518,0.00610699676103514,954.677218499308,5.86603453511538
15,0.03,0.17,0.001,662464.861763587,4074.92177406978,2614.69878078117,16.0647306499636,7634920.43945563,1695909.01349528,0.00610648983846688,954.691892332724,5.86563477856798
15,0.03,0.17,0.01,661293.231949832,4107.18861062043,2615.09988636378,16.0536841456661,7636091.6681638,1695876.75770523,0.00610138622298577,954.838346008574,5.86160142368635
15,0.03,0.18,0,662305.144982395,4361.52168646943,2580.51860832679,16.9936591280057,7535114.33640928,1795621.4846544,0.00654228252968257,942.211856865318,6.20480978911306
15,0.03,0.18,0.0001,662291.176408166,4361.90089206334,2580.52339062537,16.9935293087075,7535128.30020121,1795621.10557863,0.00654222083340222,942.21360300209,6.20476238884183
15,0.03,0.18,0.001,662165.485650855,4365.31680250952,2580.56642046972,16.9923598755413,7535253.94792868,1795617.69083761,0.00654166519892295,942.229314274005,6.20433539955702
15,0.03,0.18,0.01,660911.184675303,4399.78156767774,2580.99582875142,16.9805609158979,7536507.81949595,1795583.23787141,0.00653607206879672,942.386101972863,6.20002730441723
15,0.03,0.19,0,662008.091207589,4658.57545664599,2546.38545323341,17.9190087449759,7435445.52333918,1895323.50553461,0.00698786318499448,929.748988611849,6.54267806800931
15,0.03,0.19,0.0001,661993.179031156,4658.97925684055,2546.39055846653,17.9188705050853,7435460.43041038,1895323.10187265,0.00698779574049746,929.750852660093,6.54262759316928
15,0.03,0.19,0.001,661858.999523443,4662.61671583626,2546.43649462518,17.9176252264433,7435594.56398193,1895319.46565894,0.00698718834802739,929.767625100017,6.54217291080509
15,0.03,0.19,0.01,660520.175864651,4699.31667333602,2546.89483884108,17.905061050156,7436932.92929651,1895282.77826561,0.00698107522965645,929.934978031849,6.53758541593823
15,0.03,0.2,0,661703.887512267,4962.779156342,2512.25474570658,18.8419105927993,7335783.85774203,1995018.37893307,0.00744416873449132,917.287014026114,6.87965260519585
15,0.03,0.2,0.0001,661688.010057052,4963.20796755952,2512.26018134483,18.8417637900309,7335799.7297616,1995017.95026865,0.00744409518006473,917.288998713531,6.87959900383503
15,0.03,0.2,0.001,661545.14707001,4967.07072653603,2512.30909042097,18.8404413813374,7335942.54383957,1995014.08883208,0.00744343277416805,917.306856639957,6.87911615936082
15,0.03,0.2,0.01,660119.886680995,5006.04373816535,2512.79702612525,18.8270990283408,7337367.31629288,1994975.12916281,0.00743676710980883,917.485014163983,6.87424453272294
15,0.03,0.21,0,661392.272591702,5274.39407256673,2478.12657567581,19.7622752237438,7236129.60083262,2094705.84365221,0.00791159110887856,904.82596594363,7.21570074106945
15,0.03,0.21,0.0001,661375.407437706,5274.84831759024,2478.13234937747,19.7621197131684,7236146.46021292,2094705.3895627,0.00791151105769605,904.828074066448,7.21564396027061
15,0.03,0.21,0.001,661223.659512766,5278.94018490705,2478.18430012713,19.7607188690726,7236298.15618711,2094701.29909622,0.00791079015702816,904.847042583917,7.21513247707015
15,0.03,0.21,0.01,659709.982991519,5320.22469352062,2478.70250505086,19.7465851791969,7237811.31450343,2094660.0287213,0.00790353714086632,905.036252156695,7.20997191355427
15,0.03,0.22,0,661072.972288187,5593.69438090004,2444.00103645638,20.6800087700155,7136483.02667536,2194385.62561033,0.0083905415713196,892.365878436136,7.55078820215192
15,0.03,0.22,0.0001,661055.096212001,5594.17448842447,2444.00715651696,20.6798444077177,7136500.89663148,2194385.14566717,0.00839045460943287,892.368113023253,7.55072818936793
15,0.03,0.22,0.001,660894.254842804,5598.49932709007,2444.06222012473,20.6783638039874,7136661.68293707,2194380.82230911,0.0083896714886833,892.388218123042,7.5501875839309
15,0.03,0.22,0.01,659290.114444436,5642.1343351067,2444.61139520163,20.6634254239782,7138265.27416036,2194337.20223947,0.0083817938880885,892.588735672996,7.54473320793005
15,0.03,0.23,0,660745.698715538,5920.96794952885,2409.87822718885,21.5950126851988,7036844.42305727,2294057.43703779,0.00888145192431458,879.906787702329,7.8848790066832
15,0.03,0.23,0.0001,660726.787699177,5921.47435422713,2409.88470120341,21.5948393170165,7036863.32759962,2294056.93080646,0.00888135760846025,879.909151526894,7.88481570562564
15,0.03,0.23,0.001,660556.636975358,5926.03607890514,2409.94295202022,21.5932776170966,7037033.42007262,2294052.37064348,0.00888050827863562,879.930420356383,7.88424548994241
15,0.03,0.23,0.01,658859.913455385,5972.06112172524,2410.52382283325,21.5775210126108,7038729.56272178,2294006.36135726,0.00887196623907554,880.142510811991,7.8784923597295
15,0.03,0.24,0,660410.149458932,6256.51720540041,2375.75825086069,22.5071834292066,6937214.09229021,2393720.97561117,0.00938477580813347,867.44873134551,8.21793534958904
15,0.03,0.24,0.0001,660390.178598153,6257.0503471063,2375.76508763255,22.5070009068288,6937234.05631422,2393720.44265199,0.00938467366333577,867.451227621836,8.21786870610587
15,0.03,0.24,0.001,660210.49488791,6261.85292101119,2375.82660221664,22.5053567540692,6937413.67850987,2393715.64172223,0.00938375385020835,867.473688134353,8.2172683848295
15,0.03,0.24,0.01,658418.994161829,6310.30803460183,2376.43991980691,22.488768217945,6939204.56591836,2393667.20319718,0.00937450468211334,867.697625719498,8.21121149557718
15,0.03,0.25,0,660066.006602887,6600.66006602887,2341.64121643038,23.4164121643038,6837592.35218068,2493375.92352181,0.0099009900990099,854.991749149144,8.54991749149144
15,0.03,0.25,0.0001,660044.950095924,6601.22038953686,2341.64842503305,23.416220337774,6837613.40147904,2493375.36339013,0.0099008796159576,854.994381190192,8.54984745082972
15,0.03,0.25,0.001,659855.501664012,6606.267820294,2341.71328263498,23.4144923595049,6837802.78505335,2493370.31768735,0.00989988473648513,855.018062322096,8.54921652276423
15,0.03,0.25,0.01,657966.951255634,6657.19350197346,2342.35982488588,23.3970580265319,6839690.68891948,2493319.40944,0.00988988268216662,855.254131061456,8.54285081193747
15,0.03,0.26,0,659712.935724341,6953.73094412144,2307.52723879498,24.32258440892,6737979.53703686,2593021.94647147,0.0104305964161541,842.535883065017,8.88078363230693
15,0.03,0.26,0.0001,659690.766829211,6954.31889867317,2307.53482819093,24.3223831225821,6738001.6983426,2593021.3587182,0.0104304770483273,842.538654143212,8.88071013763279
15,0.03,0.26,0.001,659491.313444897,6959.61523350333,2307.60311070787,24.3205699296907,6738201.0834444,2593016.06419657,0.0104294021848268,842.563585797211,8.88004809557832
15,0.03,0.26,0.01,657503.358744846,7013.05239531474,2308.28368409717,24.302275797539,6740188.35757106,2592962.64532889,0.0104185981633174,842.812080155981,8.87336845057644
15,0.03,0.27,0,659350.584837444,7316.08183175794,2273.41643788152,25.2255796532059,6638375.99872467,2692658.69258859,0.0109741227475952,830.081176881491,9.21048977087682
15,0.03,0.27,0.0001,659327.275806314,7316.69787020949,2273.42441776147,25.2253687541124,6638399.29977592,2692658.07676104,0.0109739939081152,830.084090535158,9.21041276634529
15,0.03,0.27,0.001,659117.568319128,7322.24719013954,2273.49621072793,25.2234689518165,6638608.93547014,2692652.52934091,0.010972833779946,830.110303942036,9.20971910103201
15,0.03,0.27,0.01,657027.768632411,7378.23710374687,2274.21165059312,25.2043008888812,6640698.019717,2692596.55859536,0.0109611751073731,830.371528922814,9.20272036205273
15,0.03,0.28,0,658978.583198382,7688.08347064779,2239.30894100343,26.1252709783734,6538782.10786061,2792285.79125837,0.0115321252059308,817.627677083879,9.53898956597859
15,0.03,0.28,0.0001,658954.105256904,7688.72804902924,2239.31732102848,26.1250503083705,6538806.57742207,2792285.14690066,0.0115319862641017,817.630736840525,9.53890899384379
15,0.03,0.28,0.001,658733.885145156,7694.53446205537,2239.39271294108,26.1230624901799,6539026.7221419,2792279.34247545,0.0115307351965833,817.658264312612,9.53818319172695
15,0.03,0.28,0.01,656539.709458215,7753.11869337842,2240.14388585744,26.1030062674341,6541220.14665593,2792220.77830035,0.0115181652794058,817.932536323699,9.53086016339689
15,0.03,0.29,0,658596.540046809,8070.12661747499,2205.20488187653,27.0215246089096,6439198.25507131,2891902.85185792,0.0121051899262557,805.17543249517,9.86623417282813
15,0.03,0.29,0.0001,658570.863314104,8070.80019381508,2205.2136722463,27.0212940107901,6439223.92301365,2891902.17851217,0.0121050402037641,805.178642078932,9.86614997568972
15,0.03,0.29,0.001,658339.86224433,8076.86782736093,2205.29275511548,27.0192167654442,6439454.84500055,2891896.11295587,0.0121036920940213,805.207517211539,9.86539152148281
15,0.03,0.29,0.01,656038.684737957,8138.08815997306,2206.08055983126,26.9982580760332,6441755.23470221,2891834.91358195,0.01209015009212,805.495164408391,9.85773898001162
15,0.03,0.3,0,658204.043250933,8462.62341322629,2171.10440151358,27.9141994480317,6339624.85234755,2991509.46238733,0.0126939351198872,792.724494602646,10.1921720734626
15,0.03,0.3,0.0001,658177.136688948,8463.32644657093,2171.11361288713,27.9139587649977,6339651.74969816,2991508.75959466,0.0126937738866211,792.727857905415,10.1920841940698
15,0.03,0.3,0.001,657935.075988609,8469.65943798709,2171.19648201266,27.9117906748849,6339893.72752938,2991502.42877134,0.0126923221660085,792.758115494874,10.1912925701674
15,0.03,0.3,0.01,655524.171325833,8533.55778433025,2172.02185166603,27.8899151715908,6342303.8068225,2991438.5523005,0.0126777426222337,793.05947858956,10.1833052770271
15,0.03,0.31,0,657800.657798294,8866.00886597701,2137.00764883845,28.8031465713008,6240062.33455287,3091105.18798745,0.0132990132990133,780.274917782138,10.5167488918462
15,0.03,0.31,0.0001,657772.489157759,8866.74181525779,2137.01729233781,28.8028956473035,6240090.4935499,3091104.45528909,0.013298839768457,780.278438864845,10.5166572732217
15,0.03,0.31,0.001,657519.079295869,8873.34430127912,2137.10404686087,28.8006352965077,6240343.81665727,3091097.85506342,0.0132972773611719,780.310115110077,10.5158319626374
15,0.03,0.31,0.01,654995.617550797,8939.96259856117,2137.96795019317,28.7778286211292,6242866.41449901,3091031.25957282,0.0132815897935554,780.625547814281,10.5075046752898
15,0.03,0.32,0,657385.924204768,9280.74245936143,2102.91478118571,29.6882086755629,6140511.16101405,3190689.56933196,0.0139211136890951,767.826759480431,10.8399071926649
15,0.03,0.32,0.0001,657356.459975282,9281.50578220248,2102.92486818779,29.6879473526591,6140540.61515653,3190688.80627044,0.0139209270132495,767.830442497066,10.8398117771396
15,0.03,0.32,0.001,657091.399973991,9288.38188624532,2103.01561111366,29.6855933290919,6140805.58441489,3190681.93252043,0.0139192462906909,767.863575007877,10.8389522642847
15,0.03,0.32,0.01,654452.441274966,9357.76197608919,2103.919054736,29.661841159245,6143443.6396703,3190612.57618275,0.0139023747430017,768.193444860483,10.8302797532693
15,0.03,0.33,0,656959.356770153,9707.30989854406,2068.82596475465,30.5692194792106,6040971.81726509,3290262.12088198,0.0145609648477717,755.380080381043,11.1615862623468
15,0.03,0.33,0.0001,656928.562076154,9708.10404915711,2068.83650735493,30.568947604152,6041002.60141649,3290261.32700324,0.014560764111546,755.383929747967,11.161486993966
15,0.03,0.33,0.001,656651.538953948,9715.25786760714,2068.93134578229,30.5664985046752,6041279.52970027,3290254.17563389,0.0145589568419187,755.418557628758,11.1605927665195
15,0.03,0.33,0.01,653894.027760468,9787.44135639596,2069.87537557285,30.5417865938987,6044036.09686396,3290182.01685701,0.0145408193877032,755.763246506036,11.1515698300973
15,0.03,0.34,0,656520.441661439,10146.225007495,2034.74137564073,31.446003078084,5941444.81696292,3389822.32898943,0.0152193375111907,742.934944780821,11.4817218738854
15,0.03,0.34,0.0001,656488.28023503,10147.0504354614,2034.75238602656,31.4457204935759,5941476.96737894,3389821.50384405,0.015219121726201,742.938964947946,11.4816186952169
15,0.03,0.34,0.001,656198.968303851,10154.4860202458,2034.85143168346,31.4431749344869,5941766.18026446,3389814.07080482,0.0152171790188003,742.975128993423,11.4806892479545
15,0.03,0.34,0.01,653319.727333604,10229.5141180416,2035.83713549309,31.4174891761878,5944644.4355309,3389739.06839278,0.0151976872134046,743.335034096915,11.4713107354556
15,0.03,0.35,0,656068.634870368,10598.0317940598,2000.66120001146,32.3183732309544,5841930.70392962,3489369.64983271,0.0158970476911431,730.491420654185,11.8002460259522
15,0.03,0.35,0.0001,656035.068947848,10598.8889418257,2000.67269121417,32.3180797870329,5841964.25836094,3489368.79297839,0.0158968157888474,730.495616379574,11.8001388822404
15,0.03,0.35,0.001,655733.129162663,10606.6102817768,2000.7760598857,32.3154363983766,5842266.09477745,3489361.07428183,0.0158947280323783,730.533358865767,11.7991737149572
15,0.03,0.35,0.01,652728.852923255,10684.5236165289,2001.80456932227,32.2887628832839,5845269.34250742,3489283.18762059,0.0158737863066851,730.908893373794,11.789434547759
15,0.03,0.36,0,655603.359965035,11063.30669941,1966.58563508258,33.1861325920185,5742430.05439988,3588903.507168,0.0165949600491703,718.049580009527,12.1170866626608
15,0.03,0.36,0.0001,655568.350205747,11064.1959998288,1966.59762060006,33.1858281409821,5742465.05217365,3588902.61817203,0.0165947108732569,718.053956221597,12.1169754999761
15,0.03,0.36,0.001,655253.42942704,11072.206998571,1966.70543322851,33.183085586967,5742779.86513973,3588894.60991584,0.0165924676674584,718.093321307559,12.1159741249413
15,0.03,0.36,0.01,652120.677258883,11153.04540103,1967.77792620222,33.1554106791657,5745911.54481491,3588813.79918829,0.016569972656281,718.484915304585,12.1058693242304
15,0.03,0.37,0,655124.005613162,11542.6610512795,1932.51489022253,34.0490718753493,5642943.47949662,3688423.28987684,0.0173139915769771,705.609499292501,12.4321673684869
15,0.03,0.37,0.0001,655087.51100869,11543.5829247142,1932.52738398945,34.0487562714742,5642979.96160732,3688422.36831901,0.0173137238749152,705.614061079148,12.432052133622
15,0.03,0.37,0.001,654759.24121271,11551.8873751614,1932.63976677002,34.0459132570767,5643308.11902052,3688414.06671158,0.0173113139546567,705.655094841905,12.4310140779901
15,0.03,0.37,0.01,651494.429961682,11635.6896328359,1933.75747009358,34.0172236799099,5646571.81256822,3688330.29314348,0.0172871537516711,706.06319626792,12.4205387961271
15,0.03,0.38,0,654629.922924833,12036.7437441018,1898.44918762979,34.906968933838,5543471.62788754,3787928.34928697,0.0180551156160912,693.171259633326,12.7454070319676
15,0.03,0.38,0.0001,654591.90071286,12037.6985952839,1898.46220452391,34.9066420428124,5543509.63708262,3787927.39476267,0.0180548280297366,693.176012426794,12.7452876758819
15,0.03,0.38,0.001,654249.8981523,12046.3001503749,1898.57928849271,34.9036973114255,5543851.52255921,3787918.79615231,0.0180522391806355,693.2187627109,12.7442124808342
15,0.03,0.38,0.01,650849.294262644,12133.1037230693,1899.74348015959,34.87398023739,5547250.9622572,3787832.02229669,0.0180262925106827,693.64383819327,12.733362034177
15,0.03,0.39,0,654120.42249969,12546.2441692563,1864.388763257,35.7595877542735,5444015.18873705,3887417.99624299,0.0188193662538202,680.73494718421,13.0567194787791
15,0.03,0.39,0.0001,654080.828077763,12547.2323838097,1864.40231846758,35.7592494427791,5444054.76960377,3887417.00836675,0.0188190573089552,680.739896530475,13.0565959527947
15,0.03,0.39,0.001,653724.692379046,12556.1345227594,1864.52424088168,35.7562018066188,5444410.78338007,3887408.10927543,0.0188162762734299,680.784413451925,13.0554831846417
15,0.03,0.39,0.01,650184.403459816,12645.9752156962,1865.73625353811,35.7254449795114,5447949.86028665,3887318.29933932,0.0187884115716677,681.226949573103,13.0442530981441
15,0.03,0.4,0,653594.771239591,13071.8954247918,1830.33386814011,36.6066773628022,5344574.89489227,3986891.49789785,0.0196078431372549,668.300653604658,13.3660130720932
15,0.03,0.4,0.0001,653553.558034715,13072.9173645108,1830.34797727601,36.606327500393,5344616.09398801,3986890.47630799,0.0196075112319245,668.305805202902,13.365885328581
15,0.03,0.4,0.001,653182.871245778,13082.123354281,1830.47488146605,36.6031758459027,5344986.65387276,3986881.27346987,0.0196045236044392,668.352141095293,13.3647345807352
15,0.03,0.4,0.01,649498.837072044,13175.034942695,1831.73610504987,36.5713677013886,5348669.42682291,3986788.3936896,0.019574597990305,668.812645356334,13.3531206319695
15,0.03,0.41,0,653052.188833634,13614.4778350063,1796.28476924514,37.4479706130766,5245151.52639712,4086348.07419438,0.0204217167524489,655.868476370631,13.6731902700996
15,0.03,0.41,0.0001,653009.308182345,13615.5338327747,1796.2994494497,37.4476090954279,5245194.39236821,4086347.01855813,0.020421360143933,655.873836480322,13.6730582709681
15,0.03,0.41,0.001,652623.633745973,13625.0466836715,1796.43148442442,37.4443523831262,5245579.9347696,4086337.50896395,0.0204181502540053,655.922045750465,13.671869163889
15,0.03,0.41,0.01,648791.616585694,13721.0604804373,1797.74336988909,37.4114822048026,5249410.64004442,4086241.52803736,0.0203860083862223,656.401047930753,13.6598674400286
15,0.03,0.42,0,652491.843853536,14174.8228147492,1762.2417514222,38.2831828757236,5145745.91439504,4185786.89400238,0.0212622342220722,643.43851948803,13.9781471474986
15,0.03,0.42,0.0001,652447.244912246,14175.9131695331,1762.25701987126,38.2828095958627,5145790.49806788,4185785.80402087,0.0212618510123115,643.444094380492,13.9780108536894
15,0.03,0.42,0.001,652046.126539872,14185.7355836155,1762.39434214736,38.2794469070003,5146191.47911798,4185775.98496948,0.0212584017936437,643.494234176554,13.9767830519185
15,0.03,0.42,0.01,648061.700836773,14284.8799430711,1763.75840431162,38.2455049822865,5150174.54075892,4185676.87455195,0.0212238745904123,643.99228737428,13.9643900066574
15,0.03,0.43,0,651912.849543158,14753.8171212399,1728.20511830084,39.1120105720716,5046358.94533854,4285207.07086819,0.0221307256819351,631.010893819594,14.2807728601277
15,0.03,0.43,0.0001,651866.479121454,14754.9420908365,1728.22099308965,39.111625439138,5046405.29988546,4285205.94628372,0.0221303138011997,631.016690101858,14.2806322384653
15,0.03,0.43,0.001,651449.439614226,14765.0764031926,1728.36376597757,39.1081559731577,5046822.1966198,4285195.81544083,0.0221266066450406,631.068820052561,14.2793654496992
15,0.03,0.43,0.01,647307.980873327,14867.3761494263,1729.78158823604,39.0731338079708,5050962.23753844,4285093.55071677,0.0220895098512214,631.586502404684,14.2665779816353
15,0.03,0.44,0,651314.259127979,15352.4075365881,1694.17519373822,39.9341295666866,4946991.56567828,4384607.65833385,0.0230286113049546,618.585717613667,14.5809490580364
15,0.03,0.44,0.0001,651266.061549485,15353.5673301165,1694.19169406405,39.9337325120766,4947039.74675645,4384606.49893737,0.0230281684935109,618.591742295136,14.580804083472
15,0.03,0.44,0.001,650832.601536578,15364.0154414356,1694.34008856675,39.9301556193842,4947473.05837486,4384596.05440294,0.023024183084063,618.645924837934,14.5794980705276
15,0.03,0.44,0.01,646529.274415512,15469.4912109119,1695.81332613057,39.8940461451913,4951774.91225836,4384490.61474294,0.0229843156642727,619.183840703423,14.566313598763
15,0.03,0.45,0,650695.060631027,15971.6060336707,1660.1523243751,40.7491934164797,4847644.7870446,4483987.64477291,0.0239574090505767,606.163117437458,14.8785492461921
15,0.03,0.45,0.0001,650644.977600986,15972.8008033627,1660.16947026719,40.7487843898697,4847694.85292875,4483986.45041225,0.0239569328380719,606.169377831309,14.8783999003512
15,0.03,0.45,0.001,650194.574124577,15983.5641009181,1660.32366523037,40.7450995910725,4848145.10221019,4483975.69079949,0.0239526469674197,606.225678267237,14.8770544881904
15,0.03,0.45,0.01,645724.31965472,16092.2315860614,1661.85405008144,40.7078974366743,4852613.8262952,4483867.0605165,0.0239097893007745,606.784460035985,14.8634710515657
15,0.03,0.46,0,650054.171180922,16612.4954857347,1626.13688090614,41.5568314009346,4748319.69193817,4583345.94768286,0.0249187432286024,593.743228640854,15.1734380652663
15,0.03,0.46,0.0001,650002.141599505,16613.7253164192,1626.15469316173,41.5564103703813,4748371.70370733,4583344.71827321,0.0249182309108379,593.749732340675,15.1732843364855
15,0.03,0.46,0.001,649534.246664975,16624.8045847587,1626.31487607939,41.5526173938357,4748839.43845895,4583333.64279785,0.0249136202704599,593.808219128487,15.1718994259242
15,0.03,0.46,0.01,644891.768464927,16736.6736614401,1627.90422167427,41.514319184501,4753480.3273134,4583221.81201938,0.0248675321187852,594.388528938816,15.1579157922409
15,0.03,0.47,0,649390.430681927,17276.2359860664,1592.12926019764,42.3566463562014,4649017.44005788,4682681.40736758,0.025914353979048,581.326196129664,15.465470500808
15,0.03,0.47,0.0001,649336.390473924,17277.5008837889,1592.14776098339,42.3562133256976,4649071.46176509,4682680.14290289,0.0259138025917629,581.332951229061,15.4653123905453
15,0.03,0.47,0.001,648850.429440771,17288.8962005954,1592.31412901472,42.3523121558342,4649557.25643021,4682668.75148725,0.0259088405372209,581.393696356499,15.463887975899
15,0.03,0.47,0.01,644030.178922214,17403.969923233,1593.96433454999,42.3129168368923,4654375.85674324,4682553.71715993,0.0258592587539969,581.996227652567,15.4495037600703
15,0.03,0.48,0,648702.594809734,17964.0718562696,1558.12988889995,43.1482123079986,4549739.27530137,4781992.77993142,0.0269461077844311,568.912175684594,15.754491018958
15,0.03,0.48,0.0001,648646.476731553,17965.3717349273,1558.14910077377,43.1477672946297,4549795.37416767,4781991.48049778,0.0269455140736505,568.919190420024,15.7543285334517
15,0.03,0.48,0.001,648141.846591077,17977.0823511152,1558.32186013855,43.1437581822766,4550299.83154878,4781979.7738907,0.0269401713584796,568.982269183088,15.7528647063037
15,0.03,0.48,0.01,643138.00700855,18095.3557926665,1560.03491717287,43.1032674458366,4555301.95807428,4781861.54093989,0.0268868073004501,569.607749132745,15.7380805261611
15,0.03,0.49,0,647989.327232645,18677.3394319997,1524.13922382446,43.9310717455286,4450486.53354353,4881278.72949625,0.0280160091480846,556.501334098907,16.0403325710861
15,0.03,0.49,0.0001,647931.060665627,18678.6740979437,1524.15917125009,43.9306148232807,4450544.78016312,4881277.39528723,0.0280153695365154,556.508617402688,16.0401657373504
15,0.03,0.49,0.001,647407.128173102,18690.6982988428,1524.33853875891,43.9264983560171,4451068.53328814,4881265.3752028,0.0280096140106692,556.574108964349,16.0386627122407
15,0.03,0.49,0.01,642213.597410009,18812.1572102364,1526.11653628761,43.8849170787596,4456260.2860537,4881143.95787268,0.0279521506076712,557.223300312015,16.0234803483821
15,0.03,0.5,0,647249.190938852,19417.4757281656,1490.15775739824,44.7047327219474,4351260.65130375,4980537.81953911,0.029126213592233,544.093851170034,16.322815535101
15,0.03,0.5,0.0001,647188.701643661,19418.8448617211,1490.17846581233,44.7042640009321,4351321.11989053,4980536.45087428,0.0291255241410991,544.101412329726,16.3226443933404
15,0.03,0.5,0.001,646644.801309425,19431.1798067077,1490.36466915337,44.7000411470336,4351864.83402142,4980524.12015215,0.0291193204085096,544.169399824625,16.3211025238106
15,0.03,0.5,0.01,641255.173317342,19555.7990667553,1492.20980027603,44.6573779291172,4357252.61688238,4980399.54355532,0.029057408839501,544.843103325786,16.3055251163689
15,0.03,0.51,0,646480.638566372,20186.0281021745,1456.18601891916,45.4686654887002,4252063.17541471,5079768.50323234,0.0302790421531763,531.689920157857,16.6017464865617
15,0.03,0.51,0.0001,646417.848467826,20187.4312377262,1456.20751507957,45.4681851293221,4252125.94401709,5079767.10057714,0.0302782985187796,531.697768943427,16.6015710953437
15,0.03,0.51,0.001,645853.280366121,20200.0727738506,1456.40079408077,45.4638573167679,4252690.3188398,5079754.46336883,0.0302716075476324,531.76833993874,16.5999909027849
15,0.03,0.51,0.01,640260.825105179,20327.8145937139,1458.31536283336,45.4201250956756,4258280.85953199,5079626.76528119,0.0302048634618772,532.467396854529,16.5840231755586
15,0.03,0.52,0,645682.001616195,20984.6650525263,1422.22458004271,46.2222988513882,4152895.77380376,5178969.11264862,0.0314769975786925,519.289749788095,16.8769168681131
15,0.03,0.52,0.0001,645616.828524706,20986.1015540483,1422.2468919936,46.2218070685337,4152960.9245833,5178967.67663888,0.0314761949628577,519.297896439162,16.8767373058984
15,0.03,0.52,0.001,645030.855936156,20999.0440001976,1422.44749873835,46.2173762381745,4153546.6965651,5178954.73862356,0.0314689736410515,519.371142976841,16.8751194989635
15,0.03,0.52,0.01,639228.49770087,21129.8558413689,1424.43392745329,46.1725929996206,4159347.06837168,5178823.97156563,0.0313969728526707,520.096437761384,16.8587680189865
15,0.03,0.53,0,644851.478357959,21815.1883104075,1388.27405735314,46.9650159827978,4053760.24758469,5278137.84667361,0.0327227824655279,506.893565191066,17.148101460719
15,0.03,0.53,0.0001,644783.835685327,21816.6573435581,1388.2972147343,46.9645130619232,4053827.86709994,5278136.37814338,0.0327219155589379,506.90202052986,17.1479178317347
15,0.03,0.53,0.001,644175.682526026,21829.8932390724,1388.50541512257,46.9599817748299,4054435.81205885,5278123.14677915,0.032714116185823,506.978039696627,17.1462633455348
15,0.03,0.53,0.01,638155.976468476,21963.7053942217,1390.56625249708,46.9141713817835,4060453.45727903,5277989.3804344,0.0326363897570108,507.730502942995,17.1295368257737
15,0.03,0.54,0,643987.120258833,22679.5464091154,1354.33511794812,47.6961498059989,3954658.54462322,5377272.75744108,0.0340193196136077,494.501609940806,17.4150566979154
15,0.03,0.54,0.0001,643916.91669356,22681.0469081834,1354.35915207106,47.6956361136779,3954728.72415437,5377271.2574557,0.0340183825308497,494.510385399947,17.4148691360066
15,0.03,0.54,0.001,643285.764751246,22694.566721016,1354.57522605459,47.6910076278608,3955359.6600227,5377257.74227136,0.0340099522346914,494.589279413182,17.4131791601227
15,0.03,0.54,0.01,637040.87144605,22831.2894989506,1356.71315586426,47.6442007844608,3961602.41539809,5377121.06630026,0.0339259808473225,495.369891034937,17.3960888114262
15,0.03,0.55,0,643086.816718414,23579.8499463418,1320.40848448918,48.4149777646033,3855592.7747971,5476371.73507589,0.0353697749196142,482.114147899112,17.6775187563008
15,0.03,0.55,0.0001,643013.955900916,23581.380576649,1320.43342822498,48.4144537535232,3855665.61067086,5476370.2049696,0.0353687611245348,482.123255480647,17.6773274267552
15,0.03,0.55,0.001,642358.941792376,23595.1723615099,1320.65767145382,48.4097321610697,3856320.40053617,5476356.41790633,0.035359641193157,482.205132289577,17.6756034553106
15,0.03,0.55,0.01,635880.599693456,23734.6928069461,1322.87552212865,48.3619675408684,3862796.52478441,5476216.94522551,0.0352688486897512,483.014925017222,17.6581633983596
15,0.03,0.56,0,642148.277874048,24518.3887915546,1286.49494074325,49.1207159192877,3756565.22718521,5575432.49049253,0.0367775831873906,469.731465238879,17.9352014000299
15,0.03,0.56,0.0001,642072.658019329,24519.9479046537,1286.52082919683,49.1201821633992,3756640.82115147,5575430.93191318,0.0367764854070892,469.740917760492,17.9350065124111
15,0.03,0.56,0.001,641392.869883973,24533.9969033834,1286.75355363167,49.1153725088065,3757320.3765624,5575416.88772411,0.0367666105167279,469.825891269764,17.933250387278
15,0.03,0.56,0.01,634672.365410573,24676.1749650508,1289.05430834575,49.0666980617345,3764038.58028108,5575274.75833689,0.0366683564690956,470.665954334741,17.9154781297908
15,0.03,0.57,0,641169.01513471,25497.6515321013,1252.59533896583,49.8125123170131,3657578.38952632,5674452.53595558,0.0382464772981436,457.353873139897,18.1877935597494
15,0.03,0.57,0.0001,641090.528639861,25499.237113973,1252.62220859698,49.8119694913056,3657656.84915154,5674450.95091654,0.0382452874235992,457.363683913971,18.1875953605129
15,0.03,0.57,0.001,640385.002576555,25513.5252887447,1252.86374442103,49.807077957023,3658362.13367902,5674436.6676333,0.038234584748048,457.451874681728,18.185809339058
15,0.03,0.57,0.01,633413.137623442,25658.1893347787,1255.25055200287,49.7575524362056,3665331.61182455,5674292.05311279,0.0381281558842062,458.323357800049,18.1677263332696
15,0.03,0.58,0,640146.319156918,26520.3475079295,1218.71060621678,50.4894394004094,3558634.97023686,5773429.16305267,0.0397805212620028,444.981710094901,18.4349565610745
15,0.03,0.58,0.0001,640064.852146092,26521.9571170724,1218.73849639477,50.4888883559402,3558716.40935751,5773427.55399457,0.0397792302329315,444.991893496142,18.4347553609627
15,0.03,0.58,0.001,639332.568308469,26536.4626014947,1218.9891926176,50.4839224225282,3559448.44249891,5773413.05347608,0.0397676184114639,445.083428954501,18.4329421745256
15,0.03,0.58,0.01,632099.624920285,26683.4041590268,1221.46538004122,50.4336172002116,3566678.90969967,5773266.16222377,0.0396522186978643,445.987546887551,18.4145744802272
15,0.03,0.59,0,639077.234822275,27589.4318447665,1184.84175451642,51.1504854998552,3459737.92342321,5872359.41766973,0.0413841477671265,432.615345617807,18.6763210181346
15,0.03,0.59,0.0001,638992.666681088,27591.0625405617,1184.87070638471,51.1499272375108,3459822.46261253,5872357.7875322,0.0413827454381675,432.625916668717,18.6761171825961
15,0.03,0.59,0.001,638232.544976448,27605.7589918088,1185.13093294068,51.1448959302783,3460582.32409061,5872343.09611226,0.0413701333762926,432.720931889966,18.6742801265429
15,0.03,0.59,0.01,630728.246956367,27754.7265641236,1187.70001816151,51.0938971024066,3468084.05302547,5872194.17953877,0.0412448725109548,433.65896913122,18.6556591795162
15,0.03,0.6,0,637958.532696453,28708.1339713404,1150.98988958985,51.7945450315435,3360890.47741396,5971240.07148363,0.0430622009569378,420.255183436496,18.9114832546423
15,0.03,0.6,0.0001,637870.735546379,28709.7822288101,1151.01994678498,51.7939807517728,3360978.24450684,5971238.42379044,0.0430606759416579,420.266158069865,18.911277221991
15,0.03,0.6,0.001,637081.631016586,28724.6380663371,1151.29009544485,51.7888948733861,3361767.07888797,5971223.57303879,0.0430469614133041,420.364796099303,18.9094202406451
15,0.03,0.6,0.01,629295.102069241,28875.3298432508,1153.95580212957,51.7373057722634,3369550.94212863,5971072.93285098,0.0429108414348468,421.338112252561,18.8905837700977
15,0.03,0.61,0,636786.676464821,29879.9902033493,1117.15622163003,52.4204073226399,3262096.16731355,6070067.58938933,0.0448199853049229,407.901665422665,19.1400012236789
15,0.03,0.61,0.0001,636695.514591574,29881.6518123976,1117.18743079096,52.4198384746356,3262187.29797763,6070065.92834913,0.044818324793373,407.91306066755,19.1397935230513
15,0.03,0.61,0.001,635876.212290498,29896.6293138196,1117.46791771277,52.4147109492887,3263006.31979179,6070050.95597523,0.0448033928063648,408.015473454875,19.137921335359
15,0.03,0.61,0.01,627795.930496533,30048.6845607715,1120.23419016129,52.3626550623894,3271083.8353133,6069898.95278417,0.0446552924610681,409.025508682643,19.1189144296549
15,0.03,0.62,0,635557.78558234,31108.8810837672,1083.34207949768,53.0267438912022,3163358.87233816,6168838.09217234,0.0466633216256899,395.55527677659,19.3613898632752
15,0.03,0.62,0.0001,635463.114801212,31110.5510291323,1083.37448991267,53.0261721885816,3163453.51070888,6168836.42279868,0.0466615111703067,395.567110629365,19.3611811203559
15,0.03,0.62,0.001,634612.324245045,31125.605259646,1083.66575681817,53.0210183964377,3164304.00999814,6168821.37372196,0.0466452320485802,395.673459458235,19.3592993419993
15,0.03,0.62,0.01,626226.072367358,31278.5941104247,1086.53677767209,52.9686428918197,3172687.39085497,6168668.43724668,0.0464838884799751,396.72174094752,19.3401757358757
15,0.03,0.63,0,634267.5923552,32399.0743121981,1049.54892415058,53.612093693097,3064682.85872065,6267547.31359411,0.0485986114682438,383.216550930479,19.575115709692
15,0.03,0.63,0.0001,634169.259331589,32400.7466312551,1049.58258835586,53.6115211792574,3064781.15808005,6267545.64184757,0.0485966347317146,383.228842573435,19.5749066705763
15,0.03,0.63,0.001,633285.608383871,32415.8241672492,1049.88510498053,53.6063594092385,3065664.50651115,6267530.56947334,0.048578861857244,383.339298956016,19.5730219792982
15,0.03,0.63,0.01,624580.419727264,32569.2354946429,1052.86531326767,53.5538392654152,3074366.71495947,6267377.21066609,0.0484028490855447,384.427447506858,19.5538455617847
15,0.03,0.64,0,632911.392406799,33755.2742616959,1015.77836614594,54.1748461944499,2966072.82922706,6366190.55089211,0.0506329113924051,370.886075939035,19.7805907167485
15,0.03,0.64,0.0001,632809.233903961,33756.9418742243,1015.81334005247,54.1742752948625,2966174.95275599,6366188.88385048,0.0506307498496391,370.898845786657,19.7803822670367
15,0.03,0.64,0.001,631891.262117075,33771.9792808156,1016.12760629733,54.169127259546,2967092.61027663,6366173.85159192,0.0506113169938655,371.013592249314,19.7785025906417
15,0.03,0.64,0.01,622853.361453857,33925.2062341847,1019.22171801564,54.1166702341674,2976127.41682813,6366020.67709558,0.0504190205312702,372.14332979046,19.7593492192504
15,0.03,0.65,0,631483.987370682,35182.6792963666,982.032185156747,54.7132217444473,2867533.98044416,6464762.60748189,0.0527740189445196,358.564501605357,19.9771650894413
15,0.03,0.65,0.0001,631377.829434793,35184.3338010279,982.068528121899,54.7126553246716,2867640.10203708,6464760.95354365,0.0527716515290047,358.577771330508,19.9769582754207
15,0.03,0.65,0.001,630423.980716722,35199.2558055135,982.395076749253,54.7075467952716,2868593.62420653,6464746.03664769,0.0527503696869425,358.697002398071,19.9750930236236
15,0.03,0.65,0.01,621038.719854058,35351.5785106179,985.608106837548,54.6553993445043,2877975.6720391,6464593.76609004,0.0525399564818909,359.87016000906,19.9560526856621
15,0.03,0.66,0,629979.618308183,36687.0483603001,948.312352497506,55.2252487630901,2769072.06933932,6563257.72639094,0.0550305725403002,346.252547705652,20.1641189546233
15,0.03,0.66,0.0001,629869.275355569,36688.6797887234,948.350128220908,55.2246902447119,2769182.37451621,6563256.09552103,0.0550279752227599,346.266340566659,20.1639150256004
15,0.03,0.66,0.001,628877.889949498,36703.3970843848,948.689527588986,55.2196518034117,2770173.42052291,6563241.38326381,0.0550046288418567,346.390263760928,20.1620753647207
15,0.03,0.66,0.01,619129.677466511,36853.9618756315,952.026813584365,55.1681061695492,2779918.2957199,6563090.8700182,0.0547740115518338,347.608790309991,20.1432547651566
15,0.03,0.67,0,628391.888030397,38274.7786345787,914.621058544621,55.7087372022633,2670693.49091106,6661669.51262822,0.0574121679520137,333.951014001105,20.3406526709764
15,0.03,0.67,0.0001,628277.161860196,38276.3751550963,914.66033492246,55.7081906385412,2670808.17780488,6661667.91665427,0.057409313236262,333.965354788563,20.3404531068973
15,0.03,0.67,0.001,627246.467598261,38290.7817518992,915.013191489713,55.7032585568057,2671838.51921025,6661653.51498954,0.0573836557051612,334.094191542682,20.3386522805537
15,0.03,0.67,0.01,617118.692231439,38438.5761466336,918.480420339186,55.6526613680026,2681962.82734822,6661505.771192,0.0571304500515167,335.360163476345,20.320177981992
15,0.03,0.68,0,626713.670190313,39952.9964746325,880.960742853144,56.1612473568879,2572405.36906683,6759990.84227801,0.0599294947121034,321.660791234254,20.5058754411837
15,0.03,0.68,0.0001,626594.3489026,39954.5440330189,881.001592301379,56.1607175515004,2572524.6495051,6759989.29524943,0.0599263510291156,321.675706389041,20.5056819959916
15,0.03,0.68,0.001,625522.451555152,39968.514041249,881.368554698227,56.1559349359241,2573596.17989015,6759975.33002381,0.0598980992569461,321.80969353419,20.5039357434793
15,0.03,0.68,0.01,614997.398826899,40112.336469053,884.971790908933,56.10669754725,2584117.62938219,6759831.5568334,0.059619572900122,323.125325155624,20.4859579419397
15,0.03,0.69,0,624937.002316602,41729.6643482376,847.334131344674,56.5800532865637,2474215.66355205,6858213.75559848,0.062594496522528,309.382874707224,20.6587919562566
15,0.03,0.69,0.0001,624812.859133462,41731.146230515,847.376631574013,56.5795459660702,2474339.76423496,6858212.27422352,0.0625910274987433,309.398392603462,20.6586067208614
15,0.03,0.69,0.001,623697.731920296,41744.5299486628,847.758393761747,56.5749640732284,2475454.50968594,6858198.89508726,0.0625598553708911,309.537783522258,20.6569337572375
15,0.03,0.69,0.01,612756.493439818,41882.9529749922,851.504110475383,56.5275751572029,2486392.00244971,6858060.51944985,0.0622528663389346,310.905438337324,20.6396308792737
15,0.03,0.7,0,623052.959500653,43613.7071650457,813.744279579503,56.9620995705652,2376133.29621977,6956329.33073538,0.0654205607476635,297.118380081466,20.7982866057026
15,0.03,0.7,0.0001,622923.751455889,43615.1034610552,813.788513750774,56.9616215499751,2376262.46003036,6956327.9349174,0.0654167243170179,297.134531083251,20.7981120684347
15,0.03,0.7,0.001,621763.223581115,43627.7225897722,814.185818662468,56.9573014045957,2377422.59060022,6956315.32010882,0.0653822547553506,297.279597039134,20.796534675353
15,0.03,0.7,0.01,610385.598693352,43759.0480428638,818.080931614056,56.9123423323555,2388796.32037503,6956184.0396148,0.0650431769328561,298.701800155582,20.7801189941013
15,0.03,0.71,0,621051.504442492,45615.1622228451,780.194623647526,57.3039499437665,2278168.30093386,7054327.53382721,0.0684227433344041,284.868561959303,20.9231047232178
15,0.03,0.71,0.0001,620916.9709939,45616.4491695214,780.240680960354,57.3035093585374,2278302.78832514,7054326.24732112,0.0684184906550654,284.885378635649,20.922943854536
15,0.03,0.71,0.001,619708.715139293,45628.0909272051,780.654325484169,57.2995238150912,2279510.63053522,7054314.60954898,0.0683802859346108,285.036410592407,20.9214886329852
15,0.03,0.71,0.01,607873.104607648,45750.2948849211,784.706229150648,57.2576874741204,2291342.1891632,7054192.4474276,0.0680049184336221,286.51586191863,20.9062131389882
15,0.03,0.72,0,618921.308575037,47745.3580900743,746.689041937453,57.6017260923178,2180332.00238303,7152197.04018383,0.0716180371352785,272.634836437412,21.0318302394575
15,0.03,0.72,0.0001,618781.170062444,47746.5072572336,746.737018070815,57.6013326706563,2180472.09291948,7152195.8914101,0.0716133112608109,272.652353723106,21.0316865913734
15,0.03,0.72,0.001,617522.68886577,47756.9171128427,747.167857306228,57.5977688776353,2181730.14327692,7152185.48511828,0.0715708611347623,272.809663898937,21.0303853614466
15,0.03,0.72,0.01,605205.980470051,47867.5821178232,751.384464033705,57.5598828741735,2194042.63506592,7152074.8579993,0.0711543174684283,274.349252430306,21.0165522344326
15,0.03,0.73,0,616649.537514237,50017.1291539326,713.23192824752,57.8510341800767,2082637.23055752,7249925.01981189,0.0750256937307297,260.418807801376,21.1228588550005
15,0.03,0.73,0.0001,616503.493504703,50018.1064331111,713.281926201766,57.8506996104168,2082783.2245691,7249924.04286728,0.0750204279704629,260.43706330442,21.1227366952534
15,0.03,0.73,0.001,615192.104962669,50026.9790768678,713.730878084776,57.8476620714952,2084094.16415925,7249915.17326106,0.0749731350223647,260.600986860704,21.1216276138547
15,0.03,0.73,0.01,602369.551246065,50123.2101708251,718.120660263167,57.8147175005482,2096912.32809367,7249818.97511167,0.0745097068098288,262.203806078589,21.1095987273877
15,0.03,0.74,0,614221.592252019,52445.0744153647,679.828280593246,58.0468762660387,1985098.57946739,7347496.87870837,0.0786676116229624,248.222300951609,21.1943656966374
15,0.03,0.74,0.0001,614069.319786549,52445.8387573891,679.880410845063,58.0466145946878,1985250.79980261,7347496.11462802,0.0786617275063157,248.241335009804,21.1942701538854
15,0.03,0.74,0.001,612702.14164802,52452.8068182175,680.348462239934,58.0442290890307,1986617.50988974,7347489.14895269,0.0786088889701254,248.412232275356,21.1933991461323
15,0.03,0.74,0.01,599347.230505041,52531.126940679,684.920496199756,58.0174163133252,1999967.84899876,7347410.85564301,0.0780918773105467,250.081596174936,21.1836091314029
15,0.03,0.75,0,611620.795107078,55045.871559637,646.483808538313,58.1835427684482,1887732.72108438,7444895.94489759,0.0825688073394495,236.047400592552,21.2442660533296
15,0.03,0.75,0.0001,611461.946829692,55046.3733853447,646.538190026477,58.1833709706912,1887891.51498028,7444895.44324369,0.0825622120719036,236.067256633417,21.2442033256736
15,0.03,0.75,0.001,610035.880101345,55050.9932441164,647.026401857941,58.1817893698882,1889317.0934968,7444890.82496651,0.0825029971200257,236.245514978381,21.2436258436804
15,0.03,0.75,0.01,596120.19962272,55107.21213149,651.790414417276,58.162542923866,1903228.00996286,7444834.62532559,0.081924502634219,237.984975064108,21.2365984850766
15,0.03,0.76,0,608828.006087483,57838.6605783109,613.205064713787,58.2544811478097,1790558.7888478,7542103.08494054,0.0867579908675799,223.896499253621,21.270167429094
15,0.03,0.76,0.0001,608662.208295206,57838.8397656535,613.26182533374,58.2544198025939,1790724.52987946,7542102.90581455,0.0867505741290991,223.917223974982,21.2701450304221
15,0.03,0.76,0.001,607173.920139893,57840.5736002048,613.771338503673,58.2538262208733,1792212.3085216,7542101.17257357,0.0866839953006086,224.103259971154,21.2699282988964
15,0.03,0.76,0.01,592667.020339131,57869.6224130335,618.737754093568,58.2438814075153,1806714.24190678,7542072.13370556,0.0860346549347749,225.916622463414,21.266297198919
15,0.03,0.77,0,605821.151061265,60845.5156065879,579.999605902998,58.2521343319968,1693598.84933283,7639096.23225908,0.0912682734097195,211.772356105332,21.2693105479703
15,0.03,0.77,0.0001,605648.001753574,60845.2989259095,580.058883336497,58.2522085149023,1693771.93936309,7639096.44886558,0.0912599032956546,211.793999778238,21.2693376340037
15,0.03,0.77,0.001,604093.908191302,60843.4918204297,580.590924919231,58.2528271713684,1695325.50088378,7639098.2553524,0.0911847802858485,211.988261461134,21.2695635209459
15,0.03,0.77,0.01,588963.163849209,60839.2130908474,585.770912790526,58.2542919959314,1710451.065238,7639102.53261716,0.0904534349944379,213.879604532641,21.2700983650145
15,0.03,0.78,0,602574.637086569,64092.029581026,546.876194119004,58.1677406472032,1596878.48671931,7735849.80267833,0.0961380443714051,199.678170377701,21.2384963038101
15,0.03,0.78,0.0001,602393.70405399,64091.3273969954,546.93813627312,58.167981038845,1597059.35780974,7735850.50462197,0.0961285622053236,199.700787006723,21.2385840768083
15,0.03,0.78,0.001,600769.953246594,64085.1779399191,547.494024930491,58.1700862948876,1598682.55272847,7735856.65197379,0.0960434756109256,199.903755852746,21.2393527584208
15,0.03,0.78,0.01,584980.434761717,64040.0567951617,552.899543026896,58.1855334470674,1614466.66569526,7735901.75767139,0.0952167475317924,201.877445647695,21.2449928998605
15,0.03,0.79,0,599058.622166574,67608.0445016562,513.845045495191,57.9910837058858,1500427.53278793,7832333.96441464,0.101412066752246,187.617672236432,21.1739944381116
15,0.03,0.79,0.0001,598869.441289731,67606.7465017921,513.909811312451,57.9915280771179,1500616.64889896,7832335.26197013,0.101401280400945,187.641319855459,21.1741566891577
15,0.03,0.79,0.001,597171.898616183,67595.2687101743,514.490962468338,57.9954574762985,1502313.61042135,7832346.73583235,0.101304512134816,187.853512671252,21.1755914110335
15,0.03,0.79,0.01,580686.26154764,67500.0862179401,520.134795811617,58.0280430656343,1518793.60365655,7832441.885739,0.100366262173336,189.914217320717,21.1874892243397
15,0.03,0.8,0,595238.095237316,71428.5714284779,480.91814614665,57.710177537598,1404280.98661654,7928513.71839398,0.107142857142857,175.595238111796,21.0714285734155
15,0.03,0.8,0.0001,595040.169201827,71426.5410405452,480.985905832355,57.7108726381475,1404478.84489234,7928515.74808682,0.107130532322847,175.619978867039,21.0716823720036
15,0.03,0.8,0.001,593264.406015589,71408.5146157057,481.593835646665,57.7170439496902,1406254.00014876,7928533.76834035,0.107019988161352,175.841949240489,21.0739356721306
15,0.03,0.8,0.01,576042.81585866,71251.8968679211,487.489621384397,57.7706618017383,1423469.69451995,7928690.33247028,0.10595061401532,177.994648007978,21.0935128903597
15,0.03,0.81,0,591071.706332437,75594.9603362012,448.109652097891,57.3108660314672,1308480.18401546,8024347.72879777,0.113392440503966,163.616036722243,20.9256299597394
15,0.03,0.81,0.0001,590864.504083893,75592.0273607673,448.180587492297,57.3118701329246,1308687.31532861,8024350.6607691,0.113378289365924,163.641937008125,20.9259965822841
15,0.03,0.81,0.001,589005.793225775,75565.9320941148,448.816914288018,57.3208037960086,1310545.38985994,8024376.74710209,0.113251397293597,163.874275829412,20.9292584860176
15,0.03,0.81,0.01,571005.910690161,75333.7582640497,454.979147357052,57.4002881722324,1328539.11016248,8024608.84144778,0.112026916367044,166.124261178744,20.9582802188864
15,0.03,0.82,0,586510.26392944,80156.4027370236,415.4364040891,56.7763085588437,1213074.29966647,8119786.82095442,0.120234604105572,151.686217043033,20.7304496625478
15,0.03,0.82,0.0001,586293.2214486,80152.3535322389,415.510708251883,56.7776947970709,1213291.26784315,8119790.86877297,0.120218270087791,151.713347350469,20.7309558127805
15,0.03,0.82,0.001,584346.544128543,80116.2819178327,416.177150190302,56.7900438410051,1215237.27872127,8119826.92803833,0.120071845484586,151.956681963234,20.735464757447
15,0.03,0.82,0.01,565523.609738992,79790.8994708189,422.621153843113,56.9014380501901,1234053.76910716,8120152.19909113,0.11866268453698,154.309548796967,20.7761375680757
15,0.03,0.83,0,581494.783654747,85171.8830176659,382.918594972137,56.0863118518013,1118122.29775028,8214772.03067048,0.127757824525398,139.813151989202,20.478514614889
15,0.03,0.83,0.0001,581267.306825665,85166.4472689204,382.996471421642,56.0881727863266,1118349.69670291,8214777.4645583,0.127738862030805,139.841586627827,20.4791940886075
15,0.03,0.83,0.001,579227.37829589,85117.986816807,383.694838038966,56.1047631679473,1120388.92686607,8214825.90842003,0.127568926879385,140.096577738977,20.4852516516967
15,0.03,0.83,0.01,559534.455551715,84677.1598299598,390.436680725609,56.2556796176203,1140075.10776756,8215266.58449042,0.12593830701379,142.558193049938,20.5403550203836
15,0.03,0.84,0,575953.923667824,90712.7429776822,350.580649017611,55.2164522202738,1023695.49568316,8309232.0405701,0.136069114470842,128.005759472555,20.1609071169275
15,0.03,0.84,0.0001,575715.394598995,90705.5756606701,350.66230891778,55.218905913607,1023933.94309209,8309239.20543342,0.13604696126808,128.035575543604,20.1618030217058
15,0.03,0.84,0.001,573576.720160977,90641.648526989,351.394481536951,55.2407913686451,1026071.88535748,8309303.11068164,0.135848498763829,128.302910071179,20.1697939484766
15,0.03,0.84,0.01,552965.188696756,90057.1318960579,358.450808198785,55.4408996980759,1046676.36049504,8309887.42720425,0.13395025471709,130.879351343581,20.24285850226
15,0.03,0.85,0,569800.569744105,96866.0968564978,318.452389454843,54.1369062073232,929880.97786644,8403079.76623731,0.145299145299145,116.274928699699,19.7667378789489
15,0.03,0.85,0.0001,569550.358603581,96856.7533280687,318.53804844149,54.1401048781945,930131.103347977,8403089.10656705,0.145273084552807,116.306204937199,19.7679057936508
15,0.03,0.85,0.001,567307.337918333,96773.3949337364,319.305944677219,54.1686427455876,932373.35613699,8403172.43642352,0.145039701681935,116.586583050269,19.7783256824827
15,0.03,0.85,0.01,545727.77825554,96008.9767620627,326.693674574918,54.4303401299068,953945.528069885,8403936.5928978,0.142815299036095,119.284027929167,19.8738779399322
15,0.03,0.86,0,562927.221725694,103739.445146592,286.57061830133,52.8108710869593,836786.207656004,8496207.74398232,0.155609167671894,104.634097007273,19.282569305626
15,0.03,0.86,0.0001,562664.707398282,103727.34626492,286.660491389771,52.8150134342056,837048.632110329,8496219.83872164,0.155578274967412,104.66691191869,19.2840817801643
15,0.03,0.86,0.001,560311.815920813,103619.395412464,287.465997580151,52.8519697505507,839400.718081608,8496327.75261778,0.155301731980528,104.961022366453,19.2975754551698
15,0.03,0.86,0.01,537715.50793564,102628.171873292,295.201813031645,53.1913142111673,861989.290251329,8497318.6368125,0.152676129498088,107.785561983179,19.4214786013524
15,0.03,0.87,0,555199.658675437,111467.008395607,254.981278054016,51.1923950554601,744545.360046509,8588481.79920934,0.167200512491992,93.1000391494726,18.6916232446249
15,0.03,0.87,0.0001,554924.263821833,111451.390987948,255.07556326157,51.1977424931076,744820.660614905,8588497.41126956,0.167163580799028,93.1344650358809,18.6935757277959
15,0.03,0.87,0.001,552456.359618488,111312.049865315,255.920451286566,51.2454466622161,747287.719930225,8588636.70468803,0.166833125045545,93.4429547760073,18.7109937125417
15,0.03,0.87,0.01,528797.744826082,110032.573394892,264.019947141595,51.6834743749199,770938.235226775,8589915.74313073,0.163708945967874,96.4002832000748,18.8709285811426
15,0.03,0.88,0,546448.088200277,120218.579404061,223.742556793315,49.2233624945291,653328.169242931,8679732.19723343,0.180327868852459,81.6940010491591,17.972680230815
15,0.03,0.88,0.0001,546159.335789605,120198.424392234,223.841413924287,49.2302632285057,653616.822796472,8679752.34534454,0.180283300493884,81.7300962591052,17.9751998613082
15,0.03,0.88,0.001,543572.169435901,120018.623799704,224.727065585867,49.2918043164761,656203.103498513,8679932.08439598,0.179884707699302,82.0534698220396,17.9976700510533
15,0.03,0.88,0.01,518812.843281153,118369.367485286,233.203417174309,49.856431980742,680953.953301672,8681580.77608274,0.176133888750263,85.1483976957697,18.2038297269684
15,0.03,0.89,0,536454.527181934,130212.14432507,192.928870303353,46.8290985190866,563352.543947763,8769741.0265764,0.195318215069495,70.4431537695118,17.0984745967815
15,0.03,0.89,0.0001,536152.141111087,130186.072648089,193.032437791416,46.8380353033638,563654.826451122,8769767.0893166,0.195263863447072,70.4809688485909,17.1017376401407
15,0.03,0.89,0.001,533443.172717458,129953.534254203,193.959823389392,46.9176382908757,566362.867459153,8769999.5481075,0.194778033459821,70.8195805150517,17.130802680956
15,0.03,0.89,0.01,507558.339774106,127824.790222514,202.821565487396,47.6464364619888,592238.838660405,8772127.56334102,0.190229634488869,74.0552240985857,17.3969051131837
15,0.03,0.9,0,524934.395032424,141732.286658755,162.637744793253,43.9121910941783,474902.967222782,8858223.80115015,0.212598425196851,59.3831065676365,16.0334387732619
15,0.03,0.9,0.0001,524618.452099803,141698.400540137,162.746011173858,43.9238199947861,475218.801889023,8858257.67563987,0.212531358575234,59.4226373298549,16.0376847755963
15,0.03,0.9,0.001,521788.252385195,141396.243467886,163.714845356544,44.0272415332201,478048.032769447,8858559.72929058,0.21193221938019,59.7763829108083,16.075446564817
15,0.03,0.9,0.01,494777.151105149,138638.009569116,172.962181300846,44.9715535860002,505049.88671355,8861317.0188773,0.206354255385703,63.1528164474713,16.4202385030883
15,0.03,0.905,0,518488.230915665,148178.478624845,147.727497242846,42.2189636857186,431364.041587093,8901779.30241146,0.222267703643062,53.9390024307941,15.415199115748
15,0.03,0.905,0.0001,518165.70192388,148139.744771793,147.838207528643,42.2323078407289,431686.459868592,8901818.02292037,0.222192841212942,53.9794255238956,15.4200714003461
15,0.03,0.905,0.001,515276.694301246,147794.463230142,148.826437896074,42.3502815220677,434574.479260858,8902163.18648834,0.221524261170311,54.3402531368039,15.463146540745
15,0.03,0.905,0.01,487714.082975653,144647.825248875,158.263011970344,43.4276850610286,462127.654012376,8905308.74706608,0.215318235794849,57.7857822456719,15.856533507908
15,0.03,0.91,0,511509.007853886,155157.732382346,132.998976295332,40.343022809584,388357.993169818,8944801.92459484,0.232736572890026,48.561251219833,14.7302462033494
15,0.03,0.91,0.0001,511180.196714746,155113.373369592,133.11208260563,40.3583723052807,388686.691202648,8944846.26825812,0.23265271498831,48.6025491613807,14.7358506879656
15,0.03,0.91,0.001,508234.746120149,154717.980952293,134.11937158126,40.493407477607,391631.13450827,8945241.52564022,0.231904031857574,48.9703355486076,14.7851554052613
15,0.03,0.91,0.01,480137.714446801,151121.44185098,143.739655113984,41.7250668349483,419718.545898085,8948836.83308219,0.224975760330513,52.4829415734935,15.2348650281105
15,0.03,0.915,0,503927.582542207,162738.96636216,118.476460525736,38.2609275462523,345953.940997266,8987222.77271029,0.244108492663406,43.2587176494593,13.9700211703254
15,0.03,0.915,0.0001,503592.945100086,162688.053137678,118.590489746436,38.2781855952692,346288.464410168,8987273.66867673,0.244014208138676,43.3003525686674,13.9763225154727
15,0.03,0.915,0.001,500594.808258866,162234.222729772,119.618679431049,38.4341285190113,349285.573061702,8987727.34314171,0.243172702956061,43.6757703272617,14.033261175504
15,0.03,0.915,0.01,471990.207349198,158114.362375703,129.411827500532,39.8446769087148,377880.3808233,8991845.79294737,0.235410018940093,47.2514935161319,14.5482876562945
15,0.03,0.92,0,495663.124106049,171003.777816587,104.188249094532,35.9449459376135,304232.687644856,9028960.27723747,0.256505576208178,38.0417344506409,13.1243983854711
15,0.03,0.92,0.0001,495323.211596884,170945.158951116,104.306300988807,35.9655946375403,304572.482102127,9029018.87545425,0.256399148788469,38.084838148538,13.1319377420319
15,0.03,0.92,0.001,492277.759527067,170422.848564768,105.346145646555,36.1434582518136,307616.894327286,9029541.00797698,0.255449568420413,38.4645114291985,13.1968801941934
15,0.03,0.92,0.01,463204.603165352,165691.33441623,115.300924202584,37.7638501940972,336680.095910443,9034270.90173358,0.246718099203078,42.0992499494686,13.7885258021197
15,0.03,0.925,0,486618.24990812,180048.752466004,90.165282586087,33.3611545568522,263291.584809293,9069917.88637947,0.27007299270073,32.9215988042449,12.1809915575706
15,0.03,0.925,0.0001,486274.050321782,179981.103380178,90.2858888713928,33.3853390922736,263635.663789348,9069985.51128071,0.269952353849692,32.9656351741673,12.1898219360664
15,0.03,0.925,0.001,483188.879206354,179378.175660949,91.3389367404072,33.5905904071576,266719.781856905,9070588.23374864,0.268876311102026,33.3501292773412,12.2647643224134
15,0.03,0.925,0.01,453702.636169785,173928.285183681,101.438982783153,35.4583292710001,296195.924847431,9076036.25648705,0.259014064914392,37.0379085886987,12.9467224750739
15,0.03,0.93,0,476676.402526753,189989.594721377,76.4586906499162,30.474249559038,223247.138782596,9109979.93102908,0.284984678243105,27.9169794235506,11.1269103702437
15,0.03,0.93,0.0001,476328.865975949,189911.158576565,76.5731750194226,30.4993108947857,223594.56084903,9110058.34211254,0.284847322207717,27.9587805289667,11.1360608904586
15,0.03,0.93,0.001,473214.895889036,189213.025902259,77.6436689954836,30.7400708174445,226707.460441969,9110756.23402694,0.283622532960223,28.3496446419759,11.2239683572194
15,0.03,0.93,0.01,443393.226449754,182915.235063024,87.852494284442,32.895804487129,256518.921055961,9117051.8691325,0.272432860932978,32.0771419756069,12.011080613363
15,0.03,0.935,0,465698.801742071,200966.944444079,63.1043585295665,27.2319577962207,184238.093899403,9149005.82359809,0.301450832885546,23.040978908108,9.94306859034511
15,0.03,0.935,0.0001,465349.544121504,200875.669951093,63.2182754638072,27.2607658490737,184587.237603032,9149097.0692831,0.301293707951709,23.0825728287225,9.953587130643
15,0.03,0.935,0.001,462220.90122088,200064.237066664,64.2920864760909,27.5397163590622,187714.806692644,9149908.22321697,0.299893016458565,23.4746480745827,10.0554389356026
15,0.03,0.935,0.01,432168.247220736,192759.311853531,74.5686014901551,30.0355673937696,217757.184177773,9157210.65257906,0.287135471886392,27.2268606190929,10.9667365446501
15,0.03,0.94,0,453513.481426134,213151.336270284,50.1363512374081,23.564085081582,146436.382222638,9186825.09964463,0.319727891156464,18.3060352455586,8.60383656541262
15,0.03,0.94,0.0001,453166.17751293,213045.399922379,50.2502369672972,23.5980030880815,146783.5722501,9186931.00207454,0.319547264367917,18.3476177726844,8.61622087753575
15,0.03,0.94,0.001,450042.444826201,212098.6183492,51.3203162209173,23.9225093062823,149906.23485758,9187877.45914147,0.317937413150899,18.7383304601625,8.73470621045634
15,0.03,0.94,0.01,419898.881662827,203589.326366262,61.648008167488,26.8397112619768,180039.470329005,9196383.83392246,0.303315662727315,22.5092289821541,9.7998495745293
15,0.03,0.945,0,439914.919327761,226756.144780767,37.6801551701967,19.4224072559107,110047.400517088,9223224.43281193,0.340131973605282,13.7579666565181,7.09160644931441
15,0.03,0.945,0.0001,439570.175478149,226631.360097983,37.819543043026,19.4761330952126,110392.004978801,9223349.16376895,0.339923261368311,13.8088606535849,7.11122309638947
15,0.03,0.945,0.001,436475.599509348,225520.976096822,38.8894070510716,19.8615433441107,113485.511083581,9224459.16235981,0.338063354048131,14.1994947495226,7.25194601351846
15,0.03,0.945,0.01,406432.667880234,215562.8697618,49.1462663467868,23.2563703344372,143518.185853419,9234413.87386787,0.321208886864588,17.9445304998705,8.49148221836137
15,0.03,0.95,0,424633.423805118,242041.051568923,25.7938387803463,14.7024881047978,75340.7823561094,9257944.24594314,0.36305732484077,9.41797538467378,5.36824596926419
15,0.03,0.95,0.0001,424295.88149322,241893.873647606,25.9411217191109,14.7709435063376,75678.177385052,9258091.35540895,0.362814890979898,9.4717520676903,5.39324074775148
15,0.03,0.95,0.001,421262.112942909,240583.995434581,26.9860220817772,15.2228035166358,78710.9010350104,9259400.78176191,0.360654514803847,9.85327131260887,5.55822613401166
15,0.03,0.95,0.01,391577.12330884,228870.252010858,37.1415823949155,19.2279334052609,108385.735108762,9271110.52005577,0.341105172402435,13.5613202719435,7.02059918459588
15,0.03,0.955,0,407330.57263252,259333.79790939,14.5575524214129,9.26830837496689,42654.8698150612,9290656.9337821,0.389002036659895,5.31532632786845,3.38409109540983
15,0.03,0.955,0.0001,407014.909463109,259165.40524177,14.6837153469874,9.33750271921416,42970.4068210836,9290825.25725169,0.388718952281286,5.36139156607107,3.40935568035453
15,0.03,0.955,0.001,404088.744288902,257613.371055646,15.7473449434823,9.90798006222356,45895.5083660915,9292376.72096429,0.386195850569813,5.749749322489,3.6176512202194
15,0.03,0.955,0.01,375107.367365084,243754.309290255,25.6723671495317,14.6527457520732,74866.9602677647,9306231.03796392,0.363365275326731,9.37362305547282,5.35008379272575
15,0.03,0.96,0,387606.68231466,279076.811266626,4.27730280074705,3.07965801653866,12389.0403824505,9320920.10907557,0.418604651162853,1.56175018512275,1.12446013328866
15,0.03,0.96,0.0001,387283.27146497,278856.445687245,4.38208514484827,3.15079739573229,12712.3464498944,9321140.40351538,0.418272471229779,1.60000883851272,1.15043489911675
15,0.03,0.96,0.001,384555.105443407,277029.366720656,5.23966410054587,3.72177573477789,15439.6548925306,9322966.91150336,0.415310017493794,1.91313235471185,1.3589133651608
15,0.03,0.96,0.01,356735.871265238,260519.463447062,14.7897942741455,9.39416759143991,43249.3389420753,9339471.14237905,0.388446179482615,5.40012363434992,3.43004544182611
15,0.03,0.965,0,349999.987172836,289499.989390207,2.66583528330541e-22,2.62738880319069e-22,0.0128271651189136,9360500.01060978,0.496368330578257,0,0
15,0.03,0.965,0.0001,349999.987172834,289499.989390206,1.77521876620347e-22,1.06484538813585e-22,0.0128271658990768,9360500.01060977,0.374937089540347,0,0
15,0.03,0.965,0.001,349999.987172836,289499.989390207,4.14349858022558e-22,1.6008433925973e-22,0.0128271648433956,9360500.01060982,0.278681770718225,0,0
15,0.03,0.965,0.01,336068.979460113,279538.131012498,4.76729592218396,3.40904145455279,13926.2532439894,9370458.45994609,0.416939920342838,1.74065892358741,1.24472626109358
15,0.03,0.97,0,299999.989005287,290999.989335234,0,3.41151634976491e-23,0.0109947133071119,9409000.01066474,1,0,0
15,0.03,0.97,0.0001,299999.989005285,290999.989335233,1.45521734473272e-22,1.26001062747194e-22,0.0109947147989094,9409000.01066479,0.464053346669401,0,0
15,0.03,0.97,0.001,299999.989005286,290999.989335234,3.55102543203651e-22,4.07836828057993e-22,0.0109947135642202,9409000.01066476,0.534559944630422,0,0
15,0.03,0.97,0.01,299999.989005288,290999.989335234,3.35113066663926e-22,1.96543215719943e-22,0.010994712955683,9409000.01066475,0.369680980423427,0,0
15,0.03,0.975,0,249999.99083774,292499.989280261,8.55167030570377e-23,9.17061574448956e-23,0.00916226036771694,9457500.01071975,0.517462347606646,0,0
15,0.03,0.975,0.0001,249999.99083774,292499.989280263,1.02318270575482e-23,1.28803323122747e-23,0.00916226029441347,9457500.01071975,0.557296793699524,0,0
15,0.03,0.975,0.001,249999.99083774,292499.989280262,7.04835052753183e-23,8.77811719918563e-24,0.00916226021109875,9457500.01071975,0.110748643859887,0,0
15,0.03,0.975,0.01,249999.99083774,292499.989280261,5.75283105615061e-23,1.03815773825628e-23,0.00916226066076446,9457500.01071972,0.152872839241219,0,0
15,0.03,0.98,0,199999.992670192,293999.989225289,7.06520669269441e-23,7.38424362176918e-23,0.00732980817153199,9506000.01077471,0.511039760064624,0,0
15,0.03,0.98,0.0001,199999.992670192,293999.989225289,6.45022086347889e-23,3.41688093637145e-23,0.00732980800633781,9506000.01077472,0.346290228446136,0,0
15,0.03,0.98,0.001,199999.992670192,293999.989225288,2.56418592945416e-23,5.69050184521871e-23,0.00732980819640541,9506000.01077473,0.68936609118983,0,0
15,0.03,0.98,0.01,199999.992670192,293999.989225289,6.70642580185245e-23,1.53496562928356e-22,0.00732980838509284,9506000.01077471,0.695937575265572,0,0
15,0.03,0.985,0,149999.994502644,295499.989170316,4.58827917726183e-23,1.07871935528146e-22,0.00549735588871452,9554500.01082966,0.70158451334725,0,0
15,0.03,0.985,0.0001,149999.994502644,295499.989170316,5.39462004452653e-23,1.70803390228131e-23,0.00549735583979828,9554500.0108297,0.240478265599433,0,0
15,0.03,0.985,0.001,149999.994502644,295499.989170315,5.06707043067217e-23,6.51870056170789e-23,0.00549735632206408,9554500.01082969,0.562647109630876,0,0
15,0.03,0.985,0.01,149999.994502643,295499.989170315,9.98829154678467e-23,2.1974446372886e-22,0.00549735663672909,9554500.01082966,0.687502003993293,0,0
15,0.03,0.99,0,99999.9963350956,296999.989115342,2.72366203241955e-24,4.76096784572906e-23,0.00366490439147062,9603000.01088464,0.945887516983373,0,0
15,0.03,0.99,0.0001,99999.9963350958,296999.989115342,3.05021116632211e-23,3.90649338834851e-23,0.00366490432340593,9603000.01088463,0.561543667356946,0,0
15,0.03,0.99,0.001,99999.9963350957,296999.989115342,0,0,0.00366490428953609,9603000.01088467,NaN,0,0
15,0.03,0.99,0.01,99999.9963350957,296999.989115343,3.29783524200053e-23,5.82909806602807e-23,0.0036649044955964,9603000.01088467,0.638669952907451,0,0
15,0.03,0.995,0,49999.998167548,298499.98906037,1.89283877205859e-23,6.65497960705187e-23,0.00183245204553891,9651500.01093964,0.778558845297369,0,0
15,0.03,0.995,0.0001,49999.998167548,298499.98906037,8.27069187996896e-25,4.90484613705105e-24,0.00183245200954969,9651500.01093962,0.855708058982888,0,0
15,0.03,0.995,0.001,49999.9981675481,298499.98906037,5.46173022502133e-24,2.19840296255296e-23,0.00183245197982998,9651500.0109396,0.800999125010135,0,0
15,0.03,0.995,0.01,49999.9981675479,298499.98906037,1.72154476902139e-23,1.47106696346716e-23,0.00183245209610764,9651500.01093964,0.460772272587154,0,0
15,0.03,1,0,0,299999.98905431,0,3.8479165178767e-17,0,9700000.01094569,1,0,0
15,0.03,1,0.0001,0,299999.989054258,0,1.57096383954891e-17,0,9700000.01094574,1,0,0
15,0.03,1,0.001,0,299999.989054098,0,3.45839291379253e-17,0,9700000.0109459,1,0,0
15,0.03,1,0.01,0,299999.989054213,0,1.63115643613668e-17,0,9700000.01094579,1,0,0
